"Anno";"CodiceIstatComune";"Comune";"DenominazioneCentro";"IndirizzoCentroCommerciale";"NumeroCivico";"NumeroEsercizidiVicinatosettoreAlimentarenelCentro";"NumeroEsercizidiVicinatosettoreNonalimentareNelcentro";"NumeroEsercizidiVicinatosettoreMistonelCentro";"NumeroTotaleesercizidiVicinatonelCentro";"SuperficieEsercizidiVicinatosettoreAlimentarenelCentro";"SuperficieEsercizidiVicinatosettoreNonalimentareNelcentro";"SuperficieEsercizidiVicinatosettoreMistonelCentro";"SuperficietotaleEsercizidiVicinatonelCentro";"NumeroMediestruttureSettorealimentareNelcentro";"NumeroMediestruttureSettorenonAlimentarenelCentro";"NumeroMediestruttureSettoremistoNelCentro";"NumerototalemedieStrutturenelCentro";"SuperficieMediestruttureSettorealimentareNelcentro";"SuperficieMediestruttureSettorenonAlimentarenelCentro";"SuperficieMediestruttureSettoremistoNelCentro";"SuperficietotaleMediestrutturenelCentro";"NumeroGrandistruttureSettorealimentareNelcentro";"NumeroGrandistruttureSettorenonAlimentarenelCentro";"NumeroGrandistruttureSettoremistoNelCentro";"NumerototalegrandistrutturenelCentro";"SuperficieGrandistruttureSettorealimentareNelcentro";"SuperficieGrandistruttureSettorenonAlimentarenelCentro";"SuperficieGrandistruttureSettoremistoNelCentro";"SuperficietotaleGrandistrutturenelCentro";"Numerototalestrutturesettorealimentare";"NumeroTotalestrutturesettorenonAlimentarenelCentro";"Numerototalestrutturesettoremisto";"NumeroTotalestrutturedelCentro";"SuperficietotaleStrutturesettorealimentarenelCentro";"SuperficietotaleStrutturesettoreNonalimentarenelCentro";"SuperficietotaleStrutturesettoreMistonelCentro";"SuperficietotaleStrutturedelCentro";"NumeroBarNelcentro";"NumeroRistorantinelCentro";"NumeroEdicolenelCentro";"NumeroRivenditegeneriDiMonopolionelCentro";"NumeroFarmacienelCentro";"NumeroDistributoridiCarburantenelCentro";""
"2014";" 001008 ";"ALPIGNANO";"GS S.P.A.";"VIA CAVOUR";"127";"0";"1";"3";"4";"0";"63";"148";"211";"0";"0";"1";"1";"0";"0";"1700";"1700";"0";"0";"0";"0";"0";"0";"0";"0";"0";"1";"4";"5";"0";"63";"1848";"1911";"1";"0";"0";"0";"0";"0";""
"2014";" 001013 ";"AVIGLIANA";"LE TORRI";"CORSO LAGHI";"84";"0";"6";"2";"8";"0";"494";"116";"610";"0";"0";"1";"1";"0";"0";"1856";"1856";"0";"0";"0";"0";"0";"0";"0";"0";"0";"6";"3";"9";"0";"494";"1972";"2466";"1";"0";"0";"0";"0";"0";""
"2014";" 001020 ";"BANCHETTE";"RETAIL PARK BANCHETTE LOTTO A";"VIA USCELLO";"1";"0";"0";"0";"0";"0";"0";"0";"0";"0";"0";"1";"1";"0";"0";"450";"450";"0";"0";"0";"0";"0";"0";"0";"0";"0";"0";"1";"1";"0";"0";"450";"450";"0";"1";"0";"0";"0";"0";""
"2014";" 001013 ";"AVIGLIANA";"CENTRO ARANCIO";"VIALE GANDHI";"3";"0";"3";"0";"3";"0";"472";"0";"472";"0";"0";"0";"0";"0";"0";"0";"0";"0";"0";"0";"0";"0";"0";"0";"0";"0";"3";"0";"3";"0";"472";"0";"472";"1";"1";"0";"0";"0";"0";""
"2014";" 001048 ";"CAMBIANO";"LA VETRINA DI CAMBIANO";"STRADA PROVINCIALE 122 PER CHIERI � SUB AREA De2";"";"0";"4";"0";"4";"0";"341";"0";"341";"0";"2";"1";"3";"0";"2166";"1468";"3634";"0";"0";"0";"0";"0";"0";"0";"0";"0";"6";"1";"7";"0";"2507";"1468";"3975";"0";"0";"0";"0";"0";"0";""
"2014";" 001063 ";"CASELLE TORINESE";"BENNET SPA";"STRADA TORINO";"23";"0";"15";"1";"16";"0";"1594";"54";"1648";"0";"4";"0";"4";"0";"2352";"0";"2352";"0";"0";"1";"1";"0";"0";"4495";"4495";"0";"19";"2";"21";"0";"3946";"4549";"8495";"2";"1";"0";"1";"0";"0";""
"2014";" 001063 ";"CASELLE TORINESE";"CASTELLO SHOPPING SRL";"VIA MADRE TERESA DI CALCUTTA";"31/51";"0";"4";"1";"5";"0";"196";"78";"274";"0";"0";"1";"1";"0";"0";"1200";"1200";"0";"0";"0";"0";"0";"0";"0";"0";"0";"4";"2";"6";"0";"196";"1278";"1474";"1";"0";"0";"1";"0";"0";""
"2014";" 001076 ";"CHIANOCCO";"LE RONDINI";"FRAZIONE VERNETTO";"10";"0";"0";"0";"0";"0";"0";"0";"0";"0";"2";"1";"3";"0";"2596";"1497";"4093";"0";"0";"0";"0";"0";"0";"0";"0";"0";"2";"1";"3";"0";"2596";"1497";"4093";"0";"1";"0";"0";"1";"0";""
"2014";" 001066 ";"CASTELLAMONTE";"BENNET SPA";"VIA SAINT AMAND";"7";"0";"7";"0";"7";"0";"562";"0";"562";"0";"1";"0";"1";"0";"201";"0";"201";"0";"0";"1";"1";"0";"0";"3330";"3330";"0";"8";"1";"9";"0";"763";"3330";"4093";"1";"0";"1";"0";"0";"0";""
"2014";" 001076 ";"CHIANOCCO";"PILOBA S.R.L";"FRAZIONE VERNETTO";"";"0";"0";"0";"0";"0";"0";"0";"0";"0";"0";"1";"1";"0";"0";"685";"685";"0";"0";"0";"0";"0";"0";"0";"0";"0";"0";"1";"1";"0";"0";"685";"685";"0";"0";"0";"0";"0";"0";""
"2014";" 001035 ";"BRICHERASIO";"CENTRO COMMERCIALE EUROPA";"STRADALE PINEROLO";"32-34-36-38";"0";"4";"0";"4";"0";"441";"0";"441";"0";"0";"0";"0";"0";"0";"0";"0";"0";"0";"0";"0";"0";"0";"0";"0";"0";"4";"0";"4";"0";"441";"0";"441";"1";"0";"0";"0";"0";"0";""
"2014";" 001024 ";"BEINASCO";"LE FORNACI";"STRADA TORINO";"34/36";"0";"44";"1";"45";"0";"4049";"70";"4119";"0";"5";"0";"5";"0";"3291";"0";"3291";"0";"1";"1";"2";"0";"3345";"8100";"11445";"0";"50";"2";"52";"0";"10685";"8170";"18855";"7";"2";"2";"1";"0";"1";""
"2014";" 001020 ";"BANCHETTE";"RETAIL PARK BANCHETTE LOTTO B";"VIA USCELLO";"3";"0";"0";"0";"0";"0";"0";"0";"0";"0";"3";"0";"3";"0";"2855";"0";"2855";"0";"1";"0";"1";"0";"1600";"0";"1600";"0";"4";"0";"4";"0";"4455";"0";"4455";"0";"0";"0";"0";"0";"0";""
"2014";" 001047 ";"CALUSO";"PLANETARIUM";"Via Nuova Circonvallazione";"50";"1";"5";"0";"6";"100";"444";"0";"544";"0";"4";"0";"4";"0";"1482";"0";"1482";"0";"0";"0";"0";"0";"0";"0";"0";"1";"9";"0";"10";"100";"1926";"0";"2026";"1";"1";"1";"1";"0";"0";""
"2014";" 001024 ";"BEINASCO";"MEGA SHOPPING";"strada Torino";"31";"0";"9";"0";"9";"0";"982";"0";"982";"0";"5";"2";"7";"0";"3876";"1464";"5340";"0";"1";"0";"1";"0";"2995";"0";"2995";"0";"15";"2";"17";"0";"7853";"1464";"9317";"3";"2";"0";"0";"0";"0";""
"2014";" 001059 ";"CARMAGNOLA";"CENTRO COMMERCIALE EUROPA";"VIA DEL PORTO";"21";"2";"3";"0";"5";"105";"188";"0";"293";"0";"1";"1";"2";"0";"481";"960";"1441";"0";"0";"0";"0";"0";"0";"0";"0";"2";"4";"1";"7";"105";"669";"960";"1734";"1";"0";"0";"0";"0";"0";""
"2014";" 001042 ";"BUROLO";"LA SPINETTA";"VIALE LIGURIA";"";"0";"0";"0";"0";"0";"0";"0";"0";"0";"3";"0";"3";"0";"2040";"0";"2040";"0";"0";"0";"0";"0";"0";"0";"0";"0";"3";"0";"3";"0";"2040";"0";"2040";"0";"0";"0";"0";"0";"0";""
"2014";" 001066 ";"CASTELLAMONTE";"CENTRO COMMERCIALE QUAGLIA";"FR. SANT'ANTONIO";"155";"0";"0";"0";"0";"0";"0";"0";"0";"0";"1";"1";"2";"0";"355";"832";"1187";"0";"0";"0";"0";"0";"0";"0";"0";"0";"1";"1";"2";"0";"355";"832";"1187";"0";"0";"0";"0";"0";"0";""
"2014";" 001078 ";"CHIERI";"IL GIALDO";"VIA C.R.MONTELERA";"51";"4";"26";"0";"30";"176";"1696";"0";"1872";"0";"3";"0";"3";"0";"4422";"0";"4422";"0";"0";"0";"0";"0";"0";"0";"0";"4";"29";"0";"33";"176";"6118";"0";"6294";"1";"1";"1";"1";"0";"0";""
"2014";" 001086 ";"CIRIE'";"CENTRO COMMERCIALE LE ALPI";"VIA BATTITORE";"100";"1";"11";"1";"13";"20";"1040";"40";"1100";"0";"4";"0";"4";"0";"2240";"0";"2240";"0";"0";"1";"1";"0";"0";"4300";"4300";"1";"15";"2";"18";"20";"3280";"4340";"7640";"1";"0";"1";"1";"0";"0";""
"2014";" 001120 ";"GRUGLIASCO";"CENTRO COMMERCIALE LE SERRE";"VIA SPANNA";"gen-20";"3";"16";"1";"20";"179";"1186";"49";"1414";"0";"1";"1";"2";"0";"765";"1053";"1818";"0";"0";"0";"0";"0";"0";"0";"0";"3";"17";"2";"22";"179";"1951";"1102";"3232";"2";"1";"1";"0";"0";"0";""
"2014";" 001130 ";"LEINI'";"CENTRO COMMERCIALE-Piazza I Maggio";"Piazza I Maggio";"";"0";"0";"0";"0";"0";"0";"0";"0";"0";"1";"1";"2";"0";"1100";"550";"1650";"0";"0";"0";"0";"0";"0";"0";"0";"0";"1";"1";"2";"0";"1100";"550";"1650";"1";"0";"0";"0";"0";"0";""
"2014";" 001082 ";"CHIVASSO";"CHIVASSO EST";"C.SO G.FERRARIS";"191";"1";"7";"0";"8";"43";"478";"0";"521";"0";"1";"1";"2";"0";"410";"2170";"2580";"0";"0";"0";"0";"0";"0";"0";"0";"1";"8";"1";"10";"43";"888";"2170";"3101";"1";"1";"1";"0";"0";"0";""
"2014";" 001090 ";"COLLEGNO";"COLLEGNO 2000";"VIA TORINO PIANEZZA";"148";"0";"0";"1";"1";"0";"0";"114";"114";"0";"1";"0";"1";"0";"1005";"0";"1005";"0";"1";"0";"1";"0";"3201";"0";"3201";"0";"2";"1";"3";"0";"4206";"114";"4320";"0";"0";"0";"0";"0";"0";""
"2014";" 001125 ";"IVREA";"CENTRO COMMERCIALE SEQUENZIALE RAMONDA";"VIA STRUSIGLIA";"";"0";"0";"0";"0";"0";"0";"0";"0";"0";"1";"1";"2";"0";"1200";"1292";"2492";"0";"0";"0";"0";"0";"0";"0";"0";"0";"1";"1";"2";"0";"1200";"1292";"2492";"0";"0";"0";"0";"0";"0";""
"2014";" 001120 ";"GRUGLIASCO";"CENTRO COMMERCIALE STRADA DEL BAROCCHIO";"STRADA DEL BAROCCHIO";"81";"0";"2";"0";"2";"0";"429";"0";"429";"0";"0";"1";"1";"0";"0";"901";"901";"0";"0";"0";"0";"0";"0";"0";"0";"0";"2";"1";"3";"0";"429";"901";"1330";"0";"1";"0";"0";"0";"0";""
"2014";" 001078 ";"CHIERI";"OASI";"VIA PALAZZO DI CITTA'";"12";"0";"4";"1";"5";"0";"244";"173";"417";"0";"0";"0";"0";"0";"0";"0";"0";"0";"0";"0";"0";"0";"0";"0";"0";"0";"4";"1";"5";"0";"244";"173";"417";"1";"0";"0";"0";"0";"0";""
"2014";" 001098 ";"CUORGNE'";"NOVA COOP S.C.";"VIA SALASSA";"7";"0";"0";"0";"0";"0";"0";"0";"0";"0";"0";"0";"0";"0";"0";"0";"0";"0";"0";"1";"1";"0";"0";"3638";"3638";"0";"0";"1";"1";"0";"0";"3638";"3638";"1";"1";"1";"0";"0";"0";""
"2014";" 001078 ";"CHIERI";"IL GIALDO 2";"VIA POLESINE";"2";"1";"20";"1";"22";"6";"1641";"52";"1699";"0";"4";"0";"4";"0";"2692";"0";"2692";"0";"0";"1";"1";"0";"0";"4500";"4500";"1";"24";"2";"27";"6";"4333";"4552";"8891";"0";"2";"1";"0";"1";"0";""
"2014";" 001125 ";"IVREA";"PARCO DORA BALTEA";"VIA NATALIA GINZBURG";"4";"0";"0";"0";"0";"0";"0";"0";"0";"0";"1";"0";"1";"0";"1300";"0";"1300";"0";"0";"0";"0";"0";"0";"0";"0";"0";"1";"0";"1";"0";"1300";"0";"1300";"1";"1";"0";"0";"0";"0";""
"2014";" 001086 ";"CIRIE'";"IPERCOOP";"VIA ROBASSOMERO";"99";"0";"5";"0";"5";"0";"167";"0";"167";"0";"0";"0";"0";"0";"0";"0";"0";"0";"0";"1";"1";"0";"0";"4500";"4500";"0";"5";"1";"6";"0";"167";"4500";"4667";"1";"0";"1";"1";"0";"0";""
"2014";" 001120 ";"GRUGLIASCO";"CENTRO COMMERCIALE BORGO";"VIALE DE ANDRE'";"35";"0";"3";"0";"3";"0";"194";"0";"194";"0";"0";"1";"1";"0";"0";"700";"700";"0";"0";"0";"0";"0";"0";"0";"0";"0";"3";"1";"4";"0";"194";"700";"894";"0";"1";"0";"1";"0";"0";""
"2014";" 001127 ";"LA LOGGIA";"MERCATO'";"STR. CARIGNANO ANGOLO VIA CAMPASSI";"";"0";"0";"0";"0";"0";"0";"0";"0";"0";"1";"0";"1";"0";"1462";"0";"1462";"0";"0";"1";"1";"0";"0";"1722";"1722";"0";"1";"1";"2";"0";"1462";"1722";"3184";"1";"0";"0";"0";"0";"0";""
"2014";" 001090 ";"COLLEGNO";"LA CERTOSA";"VIA SPAGNA";"12";"0";"33";"2";"35";"0";"2979";"135";"3114";"0";"1";"0";"1";"0";"1246";"0";"1246";"0";"0";"1";"1";"0";"0";"7494";"7494";"0";"34";"3";"37";"0";"4225";"7629";"11854";"3";"2";"2";"1";"0";"0";""
"2014";" 001098 ";"CUORGNE'";"BILLA AKTIENGESEUSCHAFT";"VIA BRIGATE PARTIGIANE";"66";"1";"0";"0";"1";"85";"0";"0";"85";"0";"0";"1";"1";"0";"0";"663";"663";"0";"0";"0";"0";"0";"0";"0";"0";"1";"0";"1";"2";"85";"0";"663";"748";"0";"0";"0";"0";"0";"0";""
"2014";" 001120 ";"GRUGLIASCO";"CENTRO COMMERCIALE -OLEVANO-";"VIA OLEVANO";"85-87- 89/C-D";"3";"4";"0";"7";"172";"150";"0";"322";"0";"0";"1";"1";"0";"0";"600";"600";"0";"0";"0";"0";"0";"0";"0";"0";"3";"4";"1";"8";"172";"150";"600";"922";"1";"0";"1";"1";"1";"0";""
"2014";" 001120 ";"GRUGLIASCO";"SHOPVILLE LE GRU";"VIA CREA";"10";"5";"118";"4";"127";"374";"8660";"249";"9283";"0";"10";"1";"11";"0";"8699";"270";"8969";"0";"1";"1";"2";"0";"3367";"11959";"15326";"5";"129";"6";"140";"374";"20726";"12478";"33578";"11";"8";"1";"1";"1";"1";""
"2014";" 001078 ";"CHIERI";"LA FILANDA";"VIALE FASANO";"8";"0";"6";"0";"6";"0";"305";"0";"305";"0";"0";"1";"1";"0";"0";"1320";"1320";"0";"0";"0";"0";"0";"0";"0";"0";"0";"6";"1";"7";"0";"305";"1320";"1625";"1";"0";"1";"1";"0";"0";""
"2014";" 001112 ";"GASSINO TORINESE";"CENTRO COMMERCIALE";"VIA ALPI GRAIE";"5";"1";"0";"0";"1";"85";"0";"0";"85";"0";"1";"1";"2";"0";"684";"730";"1414";"0";"0";"0";"0";"0";"0";"0";"0";"1";"1";"1";"3";"85";"684";"730";"1499";"0";"0";"0";"0";"0";"0";""
"2014";" 001120 ";"GRUGLIASCO";"CENTRO PARADISO VIA NAPOLI";"VIA NAPOLI";"57/59";"0";"1";"0";"1";"0";"10";"0";"10";"0";"0";"1";"1";"0";"0";"711";"711";"0";"0";"0";"0";"0";"0";"0";"0";"0";"1";"1";"2";"0";"10";"711";"721";"0";"1";"0";"0";"0";"0";""
"2014";" 001127 ";"LA LOGGIA";"IL GIGANTE";"STRADA NIZZA";"30 - 32";"0";"6";"0";"6";"0";"330";"0";"330";"0";"0";"0";"0";"0";"0";"0";"0";"0";"0";"1";"1";"0";"0";"2850";"2850";"0";"6";"1";"7";"0";"330";"2850";"3180";"1";"1";"1";"1";"0";"0";""
"2014";" 001130 ";"LEINI'";"ELEFANT";"VIA CASELLE";"74/76";"0";"9";"0";"9";"0";"510";"0";"510";"0";"1";"0";"1";"0";"949";"0";"949";"0";"0";"1";"1";"0";"0";"4465";"4465";"0";"10";"1";"11";"0";"1459";"4465";"5924";"1";"0";"1";"0";"0";"0";""
"2014";" 001156 ";"MONCALIERI";"CENTRO COMMERCIALE MONCALIERI";"VIA VITTIME DI BOLOGNA";"20 e 22";"0";"14";"2";"16";"0";"1272";"153";"1425";"0";"3";"0";"3";"0";"2385";"0";"2385";"0";"0";"1";"1";"0";"0";"3650";"3650";"0";"17";"3";"20";"0";"3657";"3803";"7460";"1";"1";"1";"1";"0";"0";""
"2014";" 001222 ";"ROLETTO";"CENTRO COMMERCIALE TEMATICO";"VIA TORINO";"14";"0";"8";"0";"8";"0";"532";"0";"532";"0";"4";"1";"5";"0";"2523";"905";"3428";"0";"1";"0";"1";"0";"1761";"0";"1761";"0";"13";"1";"14";"0";"4816";"905";"5721";"1";"0";"1";"1";"0";"0";""
"2014";" 001190 ";"PINASCA";"Centro Commerciale sequenziale";"Via Nazionale";"94";"0";"0";"0";"0";"0";"0";"0";"0";"1";"1";"0";"2";"500";"896";"0";"1396";"0";"0";"0";"0";"0";"0";"0";"0";"1";"1";"0";"2";"500";"896";"0";"1396";"0";"0";"0";"0";"0";"0";""
"2014";" 001214 ";"RIVALTA DI TORINO";"COMPARTO 3";"VIA GOZZANO";"6";"0";"0";"0";"0";"0";"0";"0";"0";"0";"1";"0";"1";"0";"1552";"0";"1552";"0";"1";"0";"1";"0";"4400";"0";"4400";"0";"2";"0";"2";"0";"5952";"0";"5952";"0";"0";"0";"0";"0";"0";""
"2014";" 001191 ";"PINEROLO";"NOVA COOP SOCIETA' COOPERATIVA";"AREA DE 6.1 - S.S. 589";"";"0";"41";"0";"41";"0";"2920";"0";"2920";"0";"3";"0";"3";"0";"3485";"0";"3485";"0";"0";"1";"1";"0";"0";"5595";"5595";"0";"44";"1";"45";"0";"6405";"5595";"12000";"3";"3";"2";"0";"0";"0";""
"2014";" 001272 ";"TORINO";"CEVEDA";"VIA DEGLI ABETI";"10";"5";"6";"0";"11";"279";"373";"0";"652";"0";"0";"1";"1";"0";"0";"410";"410";"0";"0";"0";"0";"0";"0";"0";"0";"5";"6";"1";"12";"279";"373";"410";"1062";"1";".";".";"1";"1";"0";""
"2014";" 001191 ";"PINEROLO";"C.R. S.R.L.";"VIA GIUSTETTO";"57";"0";"0";"0";"0";"0";"0";"0";"0";"0";"0";"2";"2";"0";"0";"1206";"1206";"0";"0";"0";"0";"0";"0";"0";"0";"0";"0";"2";"2";"0";"0";"1206";"1206";"0";"0";"0";"0";"0";"0";""
"2014";" 001272 ";"TORINO";"PARCO DORA";"VIA LIVORNO";"51";"3";"23";"0";"26";"320";"1628";"0";"1948";"0";"10";"0";"10";"0";"7460";"0";"7460";"0";"0";"1";"1";"0";"0";"6000";"6000";"3";"33";"1";"37";"320";"9088";"6000";"15408";"4";"3";"3";"1";"0";"0";""
"2014";" 001248 ";"SAN MAURIZIO CANAVESE";"CRISTAL";"V. TORINO";"36";"0";"1";"1";"2";"0";"132";"115";"247";"0";"0";"1";"1";"0";"0";"795";"795";"0";"0";"0";"0";"0";"0";"0";"0";"0";"1";"2";"3";"0";"132";"910";"1042";"0";"0";"0";"0";"1";"0";""
"2014";" 001192 ";"PINO TORINESE";"PAM PANORAMA S.P.A.";"VIA CHIERI";"96";"0";"0";"0";"0";"0";"0";"0";"0";"0";"2";"0";"2";"0";"2300";"0";"2300";"0";"0";"1";"1";"0";"0";"2360";"2360";"0";"2";"1";"3";"0";"2300";"2360";"4660";"1";"0";"1";"0";"0";"0";""
"2014";" 001156 ";"MONCALIERI";"Centro commerciale sequenziale DECATHLON";"CORSO SAVONA";"67";"0";"0";"0";"0";"0";"0";"0";"0";"0";"1";"0";"1";"0";"1300";"0";"1300";"0";"2";"0";"2";"0";"8661";"0";"8661";"0";"3";"0";"3";"0";"9961";"0";"9961";"1";"0";"0";"0";"0";"0";""
"2014";" 001194 ";"PIOSSASCO";"Centro Coop";"Via Torino";"54";"0";"5";"0";"5";"0";"140";"0";"140";"0";"0";"1";"1";"0";"0";"2136";"2136";"0";"0";"0";"0";"0";"0";"0";"0";"0";"5";"1";"6";"0";"140";"2136";"2276";"1";"0";"0";"0";"0";"0";""
"2014";" 001214 ";"RIVALTA DI TORINO";"CENTRO COMMERCIALE IN'S MERCATO";"GIAVENO";"28-30";"0";"0";"0";"0";"0";"0";"0";"0";"0";"1";"1";"2";"0";"928";"725";"1653";"0";"0";"0";"0";"0";"0";"0";"0";"0";"1";"1";"2";"0";"928";"725";"1653";"0";"0";"0";"0";"0";"0";""
"2014";" 001156 ";"MONCALIERI";"Centro commerciale sequenziale 45� NORD";"via Postiglione";"1";"1";"22";"1";"24";"60";"2088";"60";"2208";"0";"5";"0";"5";"0";"3417";"0";"3417";"0";"0";"0";"0";"0";"0";"0";"0";"1";"27";"1";"29";"60";"5505";"60";"5625";"4";"14";"1";"0";"0";"0";""
"2014";" 001164 ";"NICHELINO";"CENTRO COMMERCIALE IL CASTELLO";"Piazza Aldo Moro";"50";"1";"8";"3";"12";"54";"535";"147";"736";"0";"0";"2";"2";"0";"0";"2350";"2350";"0";"0";"0";"0";"0";"0";"0";"0";"1";"8";"5";"14";"54";"535";"2497";"3086";"1";"0";"1";"1";"1";"0";""
"2014";" 001272 ";"TORINO";"LAGRANGE";"VIA G.L. LAGRANGE";"15";"1";"22";"0";"23";"48";"1698";"0";"1746";"0";"1";"0";"1";"0";"1800";"0";"1800";"0";"1";"0";"1";"0";"4878";"0";"4878";"1";"24";"0";"25";"48";"8376";"0";"8424";"1";"1";"0";"0";"0";"0";""
"2014";" 001214 ";"RIVALTA DI TORINO";"COMPARTO 2";"VIA TORINO";"22";"0";"1";"0";"1";"0";"132";"0";"132";"0";"1";"0";"1";"0";"1404";"0";"1404";"0";"1";"0";"1";"0";"2700";"0";"2700";"0";"3";"0";"3";"0";"4236";"0";"4236";"1";"0";"0";"0";"0";"0";""
"2014";" 001265 ";"SETTIMO TORINESE";"MONVISO";"VIA MONVISO";"17";"3";"1";"0";"4";"277";"60";"0";"337";"0";"0";"1";"1";"0";"0";"692";"692";"0";"0";"0";"0";"0";"0";"0";"0";"3";"1";"1";"5";"277";"60";"692";"1029";"2";"0";"0";"0";"1";"0";""
"2014";" 001228 ";"ROSTA";"CENTRO COMMERCIALE GIUVAL";"CORSO MONCENISIO";"75";"0";"0";"0";"0";"0";"0";"0";"0";"0";"3";"0";"3";"0";"1492";"0";"1492";"0";"0";"0";"0";"0";"0";"0";"0";"0";"3";"0";"3";"0";"1492";"0";"1492";"0";"1";"0";"0";"0";"0";""
"2014";" 001191 ";"PINEROLO";"TRIS S.A.S.";"STRADALE POIRINO";"35";"2";"2";"1";"5";"236";"47";"147";"430";"0";"0";"0";"0";"0";"0";"0";"0";"0";"0";"0";"0";"0";"0";"0";"0";"2";"2";"1";"5";"236";"47";"147";"430";"1";"0";"0";"0";"0";"0";""
"2014";" 001256 ";"SANT'ANTONINO DI SUSA";"""LA PRIMULA""";"Via Moncenisio";"10";"1";"8";"0";"9";"36";"503";"0";"539";"0";"1";"1";"2";"0";"163";"1500";"1663";"0";"0";"0";"0";"0";"0";"0";"0";"1";"9";"1";"11";"36";"666";"1500";"2202";"1";"0";"1";"1";"0";"0";""
"2014";" 001156 ";"MONCALIERI";"Centro commerciale sequenziale VADO'";"via Ferrari";"8 e 10";"0";"0";"0";"0";"0";"0";"0";"0";"0";"2";"0";"2";"0";"2498";"0";"2498";"0";"0";"0";"0";"0";"0";"0";"0";"0";"2";"0";"2";"0";"2498";"0";"2498";"0";"0";"0";"0";"0";"0";""
"2014";" 001265 ";"SETTIMO TORINESE";"FANTINA";"VIA FANTINA";"20";"2";"0";"0";"2";"86";"0";"0";"86";"0";"0";"1";"1";"0";"0";"1180";"1180";"0";"0";"0";"0";"0";"0";"0";"0";"2";"0";"1";"3";"86";"0";"1180";"1266";"0";"0";"0";"0";"0";"0";""
"2014";" 001265 ";"SETTIMO TORINESE";"SETTIMO CIELO - COMPARTO B";"VIA PAGANINI";"52/54";"0";"0";"0";"0";"0";"0";"0";"0";"0";"1";"0";"1";"0";"1200";"0";"1200";"0";"2";"0";"2";"0";"8800";"0";"8800";"0";"3";"0";"3";"0";"10000";"0";"10000";"0";"0";"0";"0";"0";"0";""
"2014";" 001217 ";"RIVAROLO CANAVESE";"URBAN CENTER";"C.SO INDIPENDENZA";"74";"0";"20";"0";"20";"0";"1804";"0";"1804";"0";"3";"1";"4";"0";"1696";"2500";"4196";"0";"0";"0";"0";"0";"0";"0";"0";"0";"23";"1";"24";"0";"3500";"2500";"6000";"4";"1";"0";"0";"0";"0";""
"2014";" 001272 ";"TORINO";"MILLECITY CENTER -GALLERIE COMMERCIALI BENNET";"VIA GIORDANO BRUNO";"142";"1";"9";"1";"11";"1";"676";"42";"719";"0";"1";"0";"1";"0";"844";"0";"844";"0";"0";"1";"1";"0";"0";"4500";"4500";"1";"10";"2";"13";"1";"1520";"4542";"6063";"1";"0";"0";"0";"0";"0";""
"2014";" 001269 ";"STRAMBINO";"STRAMBINO DUE";"VIA CIRCONVALLAZIONE";"33";"1";"5";"0";"6";"50";"281";"0";"331";"0";"1";"1";"2";"0";"410";"1440";"1850";"0";"0";"0";"0";"0";"0";"0";"0";"1";"6";"1";"8";"50";"691";"1440";"2181";"1";"1";"1";"0";"1";"0";""
"2014";" 001219 ";"RIVOLI";"LA PIAZZETTA";"VIA NIZZA";"5";"0";"11";"1";"12";"0";"680";"35";"715";"0";"2";"1";"3";"0";"1400";"2200";"3600";"0";"0";"0";"0";"0";"0";"0";"0";"0";"13";"2";"15";"0";"2080";"2235";"4315";"0";"3";"1";"0";"0";"0";""
"2014";" 001272 ";"TORINO";"CARREFOUR";"CORSO MONTE CUCCO";"108";"1";"7";"0";"8";"15";"247";"0";"262";"0";"0";"0";"0";"0";"0";"0";"0";"0";"0";"1";"1";"0";"0";"7790";"7790";"1";"7";"1";"9";"15";"247";"7790";"8052";"1";".";".";"0";"0";"0";""
"2014";" 001219 ";"RIVOLI";"CENTRO COMMERCIALE AUCHAN";"C.SO SUSA";"301";"3";"28";"1";"32";"137";"1957";"50";"2144";"0";"0";"0";"0";"0";"0";"0";"0";"0";"0";"1";"1";"0";"0";"5450";"5450";"3";"28";"2";"33";"137";"1957";"5500";"7594";"0";"1";"1";"1";"0";"0";""
"2014";" 001272 ";"TORINO";"E27";"CORSO REGINA MARGHERITA";"440";"0";"4";"0";"4";"0";"460";"0";"460";"0";"0";"1";"1";"0";"0";"612";"612";"0";"0";"0";"0";"0";"0";"0";"0";"0";"4";"1";"5";"0";"460";"612";"1072";"0";"3";"1";"0";"1";"0";""
"2014";" 001181 ";"PAVONE CANAVESE";"GALLERIE COMMERCIALI BENNET";"VIA CIRCONVALLAZIONE";"95";"0";"16";"0";"16";"0";"1199";"0";"1199";"0";"9";"0";"9";"0";"3072";"0";"3072";"0";"0";"1";"1";"0";"0";"6249";"6249";"0";"25";"1";"26";"0";"4271";"6249";"10520";"2";"1";"1";"1";"0";"0";""
"2014";" 001257 ";"SANTENA";"CENTRO COMMERCIALE LA CLESSIDRA";"VIA ASTI";"45";"0";"4";"0";"4";"0";"248";"0";"248";"0";"2";"1";"3";"0";"1096";"900";"1996";"0";"0";"0";"0";"0";"0";"0";"0";"0";"6";"1";"7";"0";"1344";"900";"2244";"1";"0";"0";"0";"0";"0";""
"2014";" 001272 ";"TORINO";"AREA 12 SHOPPING CENTER";"STRADA ALTESSANO";"41";"0";"40";"0";"40";"0";"3947";"0";"3947";"0";"5";"0";"5";"0";"5881";"0";"5881";"0";"0";"1";"1";"0";"0";"4500";"4500";"0";"45";"1";"46";"0";"9828";"4500";"14328";"0";"0";"0";"0";"0";"0";""
"2014";" 001156 ";"MONCALIERI";"LE PORTE DI MONCALIERI";"C.SO SAVONA";"";"0";"17";"1";"18";"0";"1892";"27";"1919";"0";"3";"0";"3";"0";"2155";"0";"2155";"0";"0";"1";"1";"0";"0";"7500";"7500";"0";"20";"2";"22";"0";"4047";"7527";"11574";"0";"1";"1";"0";"0";"0";""
"2014";" 001173 ";"OSASCO";"FG RETAIL OSASCO S.R.L.";"VIA PINEROLO";"13 D";"0";"0";"0";"0";"0";"0";"0";"0";"0";"1";"0";"1";"0";"230";"0";"230";"0";"0";"0";"0";"0";"0";"0";"0";"0";"1";"0";"1";"0";"230";"0";"230";"0";"0";"0";"0";"0";"0";""
"2014";" 001189 ";"PIANEZZA";"CENTRO COMMERCIALE ""SAN PANCRAZIO""";"VIA MUSINE";"18/20";"3";"3";"0";"6";"143";"150";"0";"293";"0";"0";"1";"1";"0";"0";"322";"322";"0";"0";"0";"0";"0";"0";"0";"0";"3";"3";"1";"7";"143";"150";"322";"615";"1";"0";"1";"1";"0";"0";""
"2014";" 001272 ";"TORINO";"SNOS GALLERY CENTER";"CORSO MORTARA";"24";"0";"21";"2";"23";"0";"1694";"120";"1814";"0";"2";"2";"4";"0";"2900";"4057";"6957";"0";"0";"0";"0";"0";"0";"0";"0";"0";"23";"4";"27";"0";"4594";"4177";"8771";"4";"2";"1";"0";"0";"0";""
"2014";" 001189 ";"PIANEZZA";"centro commerciale Cassagna";"Largo 2 Giugno";"2";"3";"9";"0";"12";"152";"338";"0";"490";"0";"0";"0";"0";"0";"0";"0";"0";"0";"0";"0";"0";"0";"0";"0";"0";"3";"9";"0";"12";"152";"338";"0";"490";"1";"1";"1";"1";"0";"0";""
"2014";" 001191 ";"PINEROLO";"SICA S.R.L.";"VIA BUNIVA";"63";"1";"6";"0";"7";"20";"269";"0";"289";"0";"0";"0";"0";"0";"0";"0";"0";"0";"0";"0";"0";"0";"0";"0";"0";"1";"6";"0";"7";"20";"269";"0";"289";"2";"0";"0";"0";"0";"0";""
"2014";" 001156 ";"MONCALIERI";"Centro commerciale sequenziale DIMAR";"via Peschiera";"17";"0";"0";"0";"0";"0";"0";"0";"0";"0";"1";"1";"2";"0";"440";"1980";"2420";"0";"0";"0";"0";"0";"0";"0";"0";"0";"1";"1";"2";"0";"440";"1980";"2420";"1";"0";"1";"0";"0";"0";""
"2014";" 001175 ";"OULX";"CENTRO COMMERCIALE LE BAITE";"CORSO TORINO";"118";"0";"4";"0";"4";"0";"230";"0";"230";"0";"2";"1";"3";"0";"745";"1150";"1895";"0";"0";"0";"0";"0";"0";"0";"0";"0";"6";"1";"7";"0";"975";"1150";"2125";"1";"1";"1";"0";"0";"0";""
"2014";" 001265 ";"SETTIMO TORINESE";"PANORAMA";"VIA PIER LUIGI NERVI";"dic-14";"0";"2";"1";"3";"0";"158";"60";"218";"0";"4";"0";"4";"0";"5382";"0";"5382";"0";"1";"0";"1";"0";"3500";"0";"3500";"0";"7";"1";"8";"0";"9040";"60";"9100";"1";"1";"0";"0";"0";"0";""
"2014";" 001265 ";"SETTIMO TORINESE";"SETTIMO CIELO - COMPARTO D";"VIA PAGANINI";"VARI";"0";"1";"0";"1";"0";"105";"0";"105";"0";"5";"1";"6";"0";"4988";"901";"5889";"0";"0";"0";"0";"0";"0";"0";"0";"0";"6";"1";"7";"0";"5093";"901";"5994";"1";"2";"0";"0";"0";"0";""
"2014";" 001214 ";"RIVALTA DI TORINO";"PIRAMID";"VIA GIAVENO";"52/54";"4";"23";"1";"28";"123";"1471";"27";"1621";"0";"0";"0";"0";"0";"0";"0";"0";"0";"0";"0";"0";"0";"0";"0";"0";"4";"23";"1";"28";"123";"1471";"27";"1621";"2";"1";"0";"0";"1";"0";""
"2014";" 001219 ";"RIVOLI";"GARDENIA BLU";"C.SO FRANCIA";"155/A";"0";"0";"0";"0";"0";"0";"0";"0";"0";"2";"1";"3";"0";"815";"752";"1567";"0";"0";"0";"0";"0";"0";"0";"0";"0";"2";"1";"3";"0";"815";"752";"1567";"0";"0";"0";"0";"0";"0";""
"2014";" 001214 ";"RIVALTA DI TORINO";"SOLE D' ORO";"VIA GIAVENO";"57";"0";"7";"0";"7";"0";"438";"0";"438";"0";"3";"1";"4";"0";"4623";"1240";"5863";"0";"0";"0";"0";"0";"0";"0";"0";"0";"10";"1";"11";"0";"5061";"1240";"6301";"1";"1";"1";"1";"0";"0";""
"2014";" 001272 ";"TORINO";"8 GALLERY - LINGOTTO";"VIA NIZZA";"262";"3";"62";"1";"66";"55";"5823";"20";"5898";"0";"7";"0";"7";"0";"3250";"0";"3250";"0";"1";"0";"1";"0";"2900";"0";"2900";"3";"70";"1";"74";"55";"11973";"20";"12048";"6";"6";"1";"1";"0";"0";""
"2014";" 001265 ";"SETTIMO TORINESE";"SETTIMO CIELO - COMPARTO A1";"VIA GIORDANO BRUNO";"VARI";"0";"0";"0";"0";"0";"0";"0";"0";"0";"2";"0";"2";"0";"800";"0";"800";"0";"2";"0";"2";"0";"7000";"0";"7000";"0";"4";"0";"4";"0";"7800";"0";"7800";"0";"0";"0";"0";"0";"0";""
"2014";" 001249 ";"SAN MAURO TORINESE";"CENTRO COMMERCIALE PAM PANORAMA S.P.A.";"STRADA SETTIMO";"371";"0";"18";"0";"18";"0";"1363";"0";"1363";"0";"0";"0";"0";"0";"0";"0";"0";"0";"0";"1";"1";"0";"0";"7442";"7442";"0";"18";"1";"19";"0";"1363";"7442";"8805";"2";"2";"1";"1";"0";"0";""
"2014";" 001272 ";"TORINO";"CENTRO COMMERCIALE PORTA NUOVA";"CORSO VITTORIO EMANUELE II";"53";"1";"19";"4";"24";"20";"1435";"80";"1535";"0";"0";"1";"1";"0";"0";"900";"900";"0";"0";"0";"0";"0";"0";"0";"0";"1";"19";"5";"25";"20";"1435";"980";"2435";"5";"1";"4";"2";"1";"0";""
"2014";" 001214 ";"RIVALTA DI TORINO";"COMPARTO 1";"VIA TORINO";"50";"0";"0";"0";"0";"0";"0";"0";"0";"0";"0";"0";"0";"0";"0";"0";"0";"0";"0";"1";"1";"0";"0";"4500";"4500";"0";"0";"1";"1";"0";"0";"4500";"4500";"1";"0";"1";"0";"0";"0";""
"2014";" 001249 ";"SAN MAURO TORINESE";"IL PORTALE";"VIA AOSTA";"16";"0";"8";"1";"9";"0";"446";"109";"555";"0";"0";"1";"1";"0";"0";"1584";"1584";"0";"0";"0";"0";"0";"0";"0";"0";"0";"8";"2";"10";"0";"446";"1693";"2139";"1";"0";"0";"1";"0";"0";""
"2014";" 001272 ";"TORINO";"AUCHAN";"CORSO ROMANIA";"460";"2";"25";"2";"29";"72";"1753";"94";"1919";"0";"2";"0";"2";"0";"1226";"0";"1226";"0";"0";"1";"1";"0";"0";"8990";"8990";"2";"27";"3";"32";"72";"2979";"9084";"12135";"3";"2";"1";"1";"0";"0";""
"2014";" 001222 ";"ROLETTO";"IT.EL 2000 SAS DI CAMUSSO ROBERTA";"VIA TORINO";"13-gen";"0";"0";"0";"0";"0";"0";"0";"0";"0";"1";"1";"2";"0";"1241";"257";"1498";"0";"0";"0";"0";"0";"0";"0";"0";"0";"1";"1";"2";"0";"1241";"257";"1498";"1";"0";"0";"0";"0";"0";""
"2014";" 001265 ";"SETTIMO TORINESE";"CENA";"VIA CENA";"8";"4";"1";"0";"5";"232";"45";"0";"277";"0";"0";"1";"1";"0";"0";"336";"336";"0";"0";"0";"0";"0";"0";"0";"0";"4";"1";"1";"6";"232";"45";"336";"613";"1";"0";"0";"0";"0";"0";""
"2014";" 001315 ";"VOLVERA";"PARCO COMMERCIALE VOLVERA";"VIALE EUROPA UNITA";"12";"0";"4";"0";"4";"0";"158";"0";"158";"0";"0";"0";"0";"0";"0";"0";"0";"0";"0";"0";"0";"0";"0";"0";"0";"0";"4";"0";"4";"0";"158";"0";"158";"1";"0";"0";"0";"0";"0";""
"2014";" 002133 ";"SANTHIA'";"EMILIA MARKET";"C.SO S. IGNAZIO";"115";"1";"0";"0";"1";"58";"0";"0";"58";"0";"0";"1";"1";"0";"0";"720";"720";"0";"0";"0";"0";"0";"0";"0";"0";"1";"0";"1";"2";"58";"0";"720";"778";"0";"0";"0";"0";"0";"0";""
"2014";" 002158 ";"VERCELLI";"ARBI SPA";"C.SO A. DI QUAREGNA";"25";"0";"0";"0";"0";"0";"0";"0";"0";"0";"1";"1";"2";"0";"318";"770";"1088";"0";"0";"0";"0";"0";"0";"0";"0";"0";"1";"1";"2";"0";"318";"770";"1088";"0";"0";"0";"0";"0";"0";""
"2014";" 003043 ";"CASTELLETTO SOPRA TICINO";"BENNET SPA";"VIA SEMPIONE";"SNC";"0";"8";"0";"8";"0";"480";"0";"480";"0";"0";"0";"0";"0";"0";"0";"0";"0";"0";"1";"1";"0";"0";"4499";"4499";"0";"8";"1";"9";"0";"480";"4499";"4979";"1";"0";"0";"0";"0";"0";""
"2014";" 003043 ";"CASTELLETTO SOPRA TICINO";"IM.COM. SRL - BRICO CENTER";"VIA SEMPIONE - LOCALITA' TRE STRADE";"";"0";"0";"0";"0";"0";"0";"0";"0";"0";"2";"0";"2";"0";"1921";"0";"1921";"0";"1";"0";"1";"0";"2504";"0";"2504";"0";"3";"0";"3";"0";"4425";"0";"4425";"0";"0";"0";"0";"0";"0";""
"2014";" 001284 ";"VAL DELLA TORRE";"CENTRO SERVIZI";"Via Roma";"29";"0";"1";"0";"1";"0";"70";"0";"70";"0";"0";"1";"1";"0";"0";"249";"249";"0";"0";"0";"0";"0";"0";"0";"0";"0";"1";"1";"2";"0";"70";"249";"319";"1";"1";"1";"1";"0";"0";""
"2014";" 001280 ";"TROFARELLO";"LOMBARDINI SPA";"V TORINO";"149/A";"0";"1";"0";"1";"0";"150";"0";"150";"0";"0";"1";"1";"0";"0";"650";"650";"0";"0";"0";"0";"0";"0";"0";"0";"0";"1";"1";"2";"0";"150";"650";"800";"0";"0";"0";"0";"0";"0";""
"2014";" 003062 ";"DORMELLETTO";"GARDEN CENTER LAGO MAGGIORE DI ANGERETTI & C. S.n.c.";"Corso Cavour";"50";"0";"0";"0";"0";"0";"0";"0";"0";"1";"0";"1";"2";"187";"0";"738";"925";"0";"0";"0";"0";"0";"0";"0";"0";"1";"0";"1";"2";"187";"0";"738";"925";"0";"1";"0";"0";"0";"0";""
"2014";" 001292 ";"VENARIA REALE";"I PORTICI";"VIA LEONARDO DA VINCI";"50";"5";"11";"1";"17";"262";"996";"92";"1350";"0";"0";"1";"1";"0";"0";"498";"498";"0";"0";"0";"0";"0";"0";"0";"0";"5";"11";"2";"18";"262";"996";"590";"1848";"2";"1";"1";"1";"1";"0";""
"2014";" 002016 ";"BORGOSESIA";"IMMOBILIARE RADO S.R.L. - ""CENTRO BORGO NORD""";"VIA XXV APRILE 16 - VIALE VARALLO 15 - VIA LENOT 6";"";"0";"6";"1";"7";"0";"611";"89";"700";"0";"0";"0";"0";"0";"0";"0";"0";"0";"0";"1";"1";"0";"0";"3600";"3600";"0";"6";"2";"8";"0";"611";"3689";"4300";"3";"0";"0";"0";"0";"0";""
"2014";" 003043 ";"CASTELLETTO SOPRA TICINO";"CARAVAN CENTER";"VIA SEMPIONE";"167";"0";"0";"1";"1";"0";"0";"145";"145";"0";"2";"0";"2";"0";"530";"0";"530";"0";"0";"0";"0";"0";"0";"0";"0";"0";"2";"1";"3";"0";"530";"145";"675";"0";"0";"0";"0";"0";"0";""
"2014";" 003062 ";"DORMELLETTO";"GARDEN CENTER s.n.c.";"CORSO CAVOUR";"66";"0";"4";"0";"4";"0";"520";"0";"520";"0";"0";"0";"0";"0";"0";"0";"0";"0";"0";"0";"0";"0";"0";"0";"0";"0";"4";"0";"4";"0";"520";"0";"520";"0";"0";"0";"0";"0";"0";""
"2014";" 002107 ";"QUARONA";"Il PICCHIO";"REGIONE GIBELLINO";"";"0";"0";"0";"0";"0";"0";"0";"0";"0";"4";"1";"5";"0";"3900";"800";"4700";"0";"0";"0";"0";"0";"0";"0";"0";"0";"4";"1";"5";"0";"3900";"800";"4700";"1";"0";"0";"0";"0";"0";""
"2014";" 001292 ";"VENARIA REALE";"La Rinascente S.p.A.";"C.SO GARIBALDI";"235";"0";"14";"1";"15";"0";"1271";"60";"1331";"0";"0";"0";"0";"0";"0";"0";"0";"0";"1";"1";"2";"0";"3666";"9364";"13030";"0";"15";"2";"17";"0";"4937";"9424";"14361";"3";"1";"1";"1";"1";"0";""
"2014";" 003082 ";"INVORIO";"Effeti di Ferraris Elena e Tosi mario snc";"Via Vergante";"13/15";"0";"0";"0";"0";"0";"0";"0";"0";"0";"1";"1";"2";"0";"365";"375";"740";"0";"0";"0";"0";"0";"0";"0";"0";"0";"1";"1";"2";"0";"365";"375";"740";"0";"0";"0";"0";"0";"0";""
"2014";" 003043 ";"CASTELLETTO SOPRA TICINO";"AGOSTINI CEDIS S.R.L.";"VIA ARONCO - VIA TRIESTE";"14";"0";"3";"0";"3";"0";"266";"0";"266";"0";"0";"1";"1";"0";"0";"547";"547";"0";"0";"0";"0";"0";"0";"0";"0";"0";"3";"1";"4";"0";"266";"547";"813";"0";"0";"0";"0";"1";"0";""
"2014";" 003016 ";"BELLINZAGO NOVARESE";"AIRONE";"VIA LIBERTA'";"231 231/F";"1";"13";"0";"14";"4";"1048";"0";"1052";"0";"1";"0";"1";"0";"400";"0";"400";"0";"0";"1";"1";"0";"0";"4500";"4500";"1";"14";"1";"16";"4";"1448";"4500";"5952";"4";"2";"1";"1";"0";"0";""
"2014";" 002031 ";"CARESANABLOT";"IN'S MERCATO SPA";"VIA VERCELLI";"26";"2";"1";"0";"3";"251";"36";"0";"287";"0";"0";"1";"1";"0";"0";"826";"826";"0";"0";"0";"0";"0";"0";"0";"0";"2";"1";"1";"4";"251";"36";"826";"1113";"1";"0";"0";"0";"0";"0";""
"2014";" 001292 ";"VENARIA REALE";"LE ALPI";"C.SO GARIBALDI";"";"1";"3";"0";"4";"48";"222";"0";"270";"0";"3";"0";"3";"0";"1509";"0";"1509";"0";"0";"0";"0";"0";"0";"0";"0";"1";"6";"0";"7";"48";"1731";"0";"1779";"1";"1";"0";"0";"0";"0";""
"2014";" 002158 ";"VERCELLI";"BENNET S.P.A.";"VIA W.MANZONE";"";"0";"0";"0";"0";"0";"0";"0";"0";"0";"2";"0";"2";"0";"1520";"0";"1520";"0";"0";"1";"1";"0";"0";"4250";"4250";"0";"2";"1";"3";"0";"1520";"4250";"5770";"0";"0";"0";"0";"0";"0";""
"2014";" 003043 ";"CASTELLETTO SOPRA TICINO";"COMMERCIALE SEMPIONE S.R.L.";"VIA SEMPIONE";"159";"0";"13";"0";"13";"0";"1273";"0";"1273";"0";"4";"0";"4";"0";"3270";"0";"3270";"0";"0";"0";"0";"0";"0";"0";"0";"0";"17";"0";"17";"0";"4543";"0";"4543";"1";"1";"0";"0";"0";"0";""
"2014";" 003149 ";"TRECATE";"IL GIGANTE";"CORSO ITALIA S.R.11";"";"0";"0";"0";"0";"0";"0";"0";"0";"0";"1";"1";"2";"0";"1472";"2498";"3970";"0";"0";"0";"0";"0";"0";"0";"0";"0";"1";"1";"2";"0";"1472";"2498";"3970";"0";"0";"0";"0";"0";"0";""
"2014";" 001283 ";"VAIE";"LE FONTI";"VIA MARTIRI DELLA LIBERTA'";"50";"0";"5";"0";"5";"0";"216";"0";"216";"0";"1";"1";"2";"0";"192";"985";"1177";"0";"0";"0";"0";"0";"0";"0";"0";"0";"6";"1";"7";"0";"408";"985";"1393";"1";"0";"1";"0";"0";"0";""
"2014";" 003159 ";"VICOLUNGO";"C 5 PARCO COMMERCIALE URBANO DI VICOLUNGO";"VIA SAN MARTINO DI ZUSIAGNA";"";"0";"2";"0";"2";"0";"286";"0";"286";"0";"6";"0";"6";"0";"1213";"0";"1213";"0";"0";"0";"0";"0";"0";"0";"0";"0";"8";"0";"8";"0";"1499";"0";"1499";"0";"0";"0";"0";"0";"0";""
"2014";" 003043 ";"CASTELLETTO SOPRA TICINO";"CENTRO COMMERCIALE OBIETTIVO CASA";"VIA SEMPIONE ANGOLO VIA CICOGNOLA";"SNC";"0";"1";"0";"1";"0";"3";"0";"3";"0";"2";"0";"2";"0";"1245";"0";"1245";"0";"0";"0";"0";"0";"0";"0";"0";"0";"3";"0";"3";"0";"1248";"0";"1248";"0";"0";"0";"0";"0";"0";""
"2014";" 003159 ";"VICOLUNGO";"C 4 PARCO COMMERCIALE URBANO DI VICOLUNGO";"VIA SAN MARTINO DI ZUSIAGNA";"";"0";"0";"0";"0";"0";"0";"0";"0";"0";"7";"0";"7";"0";"1483";"0";"1483";"0";"0";"0";"0";"0";"0";"0";"0";"0";"7";"0";"7";"0";"1483";"0";"1483";"0";"0";"0";"0";"0";"0";""
"2014";" 002158 ";"VERCELLI";"GS SPA";"TANGENZIALE SUD";"13";"0";"26";"0";"26";"0";"1805";"0";"1805";"0";"0";"0";"0";"0";"0";"0";"0";"0";"0";"1";"1";"0";"0";"8826";"8826";"0";"26";"1";"27";"0";"1805";"8826";"10631";"1";"1";"1";"1";"0";"0";""
"2014";" 003024 ";"BORGOMANERO";"NOVACOOP SCARL";"VIA DELLA REPUBBLICA";"1";"0";"6";"1";"7";"0";"437";"38";"475";"0";"0";"0";"0";"0";"0";"0";"0";"0";"0";"1";"1";"0";"0";"4500";"4500";"0";"6";"2";"8";"0";"437";"4538";"4975";"0";"1";"0";"0";"0";"0";""
"2014";" 003043 ";"CASTELLETTO SOPRA TICINO";"RASO FRANCO";"VIA SEMPIONE";"150";"0";"3";"0";"3";"0";"311";"0";"311";"0";"0";"0";"0";"0";"0";"0";"0";"0";"0";"0";"0";"0";"0";"0";"0";"0";"3";"0";"3";"0";"311";"0";"311";"0";"0";"0";"0";"0";"0";""
"2014";" 003024 ";"BORGOMANERO";"CARREFOUR";"VIALE KENNEDY";"51";"0";"4";"0";"4";"0";"168";"0";"168";"0";"0";"0";"0";"0";"0";"0";"0";"0";"0";"1";"1";"0";"0";"3000";"3000";"0";"4";"1";"5";"0";"168";"3000";"3168";"1";"0";"0";"0";"0";"0";""
"2014";" 003043 ";"CASTELLETTO SOPRA TICINO";"FREEDOM DI RIZZOTTI NICOLA SRL";"VIA SEMPIONE";"185";"0";"0";"0";"0";"0";"0";"0";"0";"0";"2";"0";"2";"0";"1250";"0";"1250";"0";"0";"0";"0";"0";"0";"0";"0";"0";"2";"0";"2";"0";"1250";"0";"1250";"0";"0";"0";"0";"0";"0";""
"2014";" 003062 ";"DORMELLETTO";"I.M.F. S.P.A.";"CORSO CAVOUR";"10";"0";"0";"0";"0";"0";"0";"0";"0";"0";"2";"0";"2";"0";"336";"0";"336";"0";"0";"0";"0";"0";"0";"0";"0";"0";"2";"0";"2";"0";"336";"0";"336";"0";"0";"0";"0";"0";"0";""
"2014";" 003130 ";"ROMAGNANO SESIA";"SESIA CENTRE BENNET SP.A";"VIA BRIGATA ALPINA TAURINENSE";"1";"0";"12";"0";"12";"0";"1000";"0";"1000";"0";"1";"0";"1";"0";"500";"0";"500";"0";"0";"1";"1";"0";"0";"4500";"4500";"0";"13";"1";"14";"0";"1500";"4500";"6000";"1";"1";"1";"0";"0";"0";""
"2014";" 002016 ";"BORGOSESIA";"COSPE S.A.S. - ""CENTRO MONTE ROSA""";"CORSO VERCELLI";"123";"0";"3";"0";"3";"0";"386";"0";"386";"0";"0";"1";"1";"0";"0";"1868";"1868";"0";"0";"0";"0";"0";"0";"0";"0";"0";"3";"1";"4";"0";"386";"1868";"2254";"1";"1";"0";"0";"0";"0";""
"2014";" 003049 ";"CERANO";"NOVA COOP";"VIA VISCEREI";"117";"1";"0";"0";"1";"82";"0";"0";"82";"0";"0";"1";"1";"0";"0";"1285";"1285";"0";"0";"0";"0";"0";"0";"0";"0";"1";"0";"1";"2";"82";"0";"1285";"1367";"0";"0";"0";"0";"0";"0";""
"2014";" 002133 ";"SANTHIA'";"SVIM srl";"C.SO XXV APRILE SS 143 - SANTHIA'";"";"0";"0";"0";"0";"0";"0";"0";"0";"0";"10";"1";"11";"0";"4767";"1495";"6262";"0";"0";"0";"0";"0";"0";"0";"0";"0";"10";"1";"11";"0";"4767";"1495";"6262";"1";"0";"0";"0";"0";"0";""
"2014";" 002116 ";"ROASIO";"LE BOTTEGHE DI ROASIO - MILLENNIUM SRL";"VIA TORINO";"1/a";"0";"6";"0";"6";"0";"628";"0";"628";"0";"0";"0";"0";"0";"0";"0";"0";"0";"0";"0";"0";"0";"0";"0";"0";"0";"6";"0";"6";"0";"628";"0";"628";"1";"1";"0";"0";"1";"0";""
"2014";" 003043 ";"CASTELLETTO SOPRA TICINO";"CENTRO COMMERCIALE EXPO SEMPIONE 155";"VIA SEMPIONE";"155";"0";"3";"0";"3";"0";"416";"0";"416";"0";"0";"0";"0";"0";"0";"0";"0";"0";"0";"0";"0";"0";"0";"0";"0";"0";"3";"0";"3";"0";"416";"0";"416";"1";"1";"0";"0";"0";"0";""
"2014";" 003068 ";"GALLIATE";"MEDIO CENTRO COMMERCIALE";"VIA MONTE NERO";"79/81";"1";"0";"0";"1";"12";"0";"0";"12";"0";"1";"0";"1";"0";"1762";"0";"1762";"0";"0";"0";"0";"0";"0";"0";"0";"1";"1";"0";"2";"12";"1762";"0";"1774";"0";"0";"0";"0";"0";"0";""
"2014";" 003159 ";"VICOLUNGO";"C 11 PARCO COMMERCIALE URBANO DI VICOLUNGO";"VIA SAN MARTINO DI ZUSIAGNA";"";"0";"2";"0";"2";"0";"175";"0";"175";"0";"1";"0";"1";"0";"795";"0";"795";"0";"0";"0";"0";"0";"0";"0";"0";"0";"3";"0";"3";"0";"970";"0";"970";"1";"1";"0";"0";"0";"0";""
"2014";" 003130 ";"ROMAGNANO SESIA";"MICHELE ALFANO";"VIA NOVARA";"403";"0";"0";"0";"0";"0";"0";"0";"0";"0";"2";"0";"2";"0";"1221";"0";"1221";"0";"0";"0";"0";"0";"0";"0";"0";"0";"2";"0";"2";"0";"1221";"0";"1221";"0";"0";"0";"0";"0";"0";""
"2014";" 003159 ";"VICOLUNGO";"C 10 PARCO COMMERCIALE URBANO DI VICOLUNGO";"VIA SAN MARTINO DI ZUSIAGNA";"";"0";"0";"0";"0";"0";"0";"0";"0";"0";"5";"0";"5";"0";"1493";"0";"1493";"0";"0";"0";"0";"0";"0";"0";"0";"0";"5";"0";"5";"0";"1493";"0";"1493";"0";"0";"0";"0";"0";"0";""
"2014";" 003043 ";"CASTELLETTO SOPRA TICINO";"ROSE SRL";"VIA DEL LAGO";"1";"0";"0";"0";"0";"0";"0";"0";"0";"0";"1";"0";"1";"0";"581";"0";"581";"0";"0";"0";"0";"0";"0";"0";"0";"0";"1";"0";"1";"0";"581";"0";"581";"0";"0";"0";"0";"0";"0";""
"2014";" 003130 ";"ROMAGNANO SESIA";"VALSESIA CARNI";"VIA NOVARA";"372/374";"0";"0";"0";"0";"0";"0";"0";"0";"0";"1";"1";"2";"0";"1500";"574";"2074";"0";"0";"0";"0";"0";"0";"0";"0";"0";"1";"1";"2";"0";"1500";"574";"2074";"0";"0";"0";"0";"0";"0";""
"2014";" 003068 ";"GALLIATE";"CENTRO COMMERCIALE IL GALLO";"VIA MONTE NERO";"38";"0";"25";"0";"25";"0";"1153";"0";"1153";"0";"1";"0";"1";"0";"350";"0";"350";"0";"0";"1";"1";"0";"0";"4497";"4497";"0";"26";"1";"27";"0";"1503";"4497";"6000";"1";"1";"0";"1";"0";"0";""
"2014";" 003159 ";"VICOLUNGO";"C PARCO COMMERCIALE URBANO DI VICOLUNGO";"VIA SAN MARTINO DI ZUSIAGNA";"";"0";"6";"0";"6";"0";"653";"0";"653";"0";"4";"0";"4";"0";"806";"0";"806";"0";"0";"0";"0";"0";"0";"0";"0";"0";"10";"0";"10";"0";"1459";"0";"1459";"0";"0";"0";"0";"0";"0";""
"2014";" 003130 ";"ROMAGNANO SESIA";"CROCETTA";"VIA NOVARA";"";"0";"0";"0";"0";"0";"0";"0";"0";"0";"2";"0";"2";"0";"1484";"0";"1484";"0";"0";"0";"0";"0";"0";"0";"0";"0";"2";"0";"2";"0";"1484";"0";"1484";"0";"0";"0";"0";"0";"0";""
"2014";" 003159 ";"VICOLUNGO";"C 13 PARCO COMMERCIALE URBANO DI VICOLUNGO";"PIAZZA SANTA RITA";"";"0";"1";"0";"1";"0";"146";"0";"146";"0";"3";"0";"3";"0";"1029";"0";"1029";"0";"0";"0";"0";"0";"0";"0";"0";"0";"4";"0";"4";"0";"1175";"0";"1175";"0";"0";"0";"0";"0";"0";""
"2014";" 003062 ";"DORMELLETTO";"L'ARCO";"CORSO CAVOUR";"70";"0";"4";"0";"4";"0";"384";"0";"384";"0";"0";"0";"0";"0";"0";"0";"0";"0";"0";"0";"0";"0";"0";"0";"0";"0";"4";"0";"4";"0";"384";"0";"384";"0";"0";"0";"0";"0";"0";""
"2014";" 003043 ";"CASTELLETTO SOPRA TICINO";"IMMOBILIARE OMBRINA SRL - EXPERT";"VIA DEL LAGO";"SNC";"0";"1";"0";"1";"0";"32";"0";"32";"0";"1";"0";"1";"0";"1400";"0";"1400";"0";"0";"0";"0";"0";"0";"0";"0";"0";"2";"0";"2";"0";"1432";"0";"1432";"0";"0";"0";"0";"0";"0";""
"2014";" 003159 ";"VICOLUNGO";"C 9 PARCO COMMERCIALE URBANO DI VICOLUNGO";"VIA SAN MARTINO DI ZUSIAGNA";"";"0";"3";"0";"3";"0";"304";"0";"304";"0";"3";"0";"3";"0";"633";"0";"633";"0";"0";"0";"0";"0";"0";"0";"0";"0";"6";"0";"6";"0";"937";"0";"937";"0";"1";"0";"0";"0";"0";""
"2014";" 003159 ";"VICOLUNGO";"C 14 PARCO COMMERCIALE URBANO DI VICOLUNGO";"PIAZZA SANTA RITA";"";"0";"8";"0";"8";"0";"889";"0";"889";"0";"1";"0";"1";"0";"238";"0";"238";"0";"0";"0";"0";"0";"0";"0";"0";"0";"9";"0";"9";"0";"1127";"0";"1127";"0";"0";"0";"0";"0";"0";""
"2014";" 003043 ";"CASTELLETTO SOPRA TICINO";"VERBANO 2000";"VIA SEMPIONE";"188";"0";"3";"0";"3";"0";"345";"0";"345";"0";"2";"0";"2";"0";"767";"0";"767";"0";"0";"0";"0";"0";"0";"0";"0";"0";"5";"0";"5";"0";"1112";"0";"1112";"0";"0";"0";"0";"0";"0";""
"2014";" 003062 ";"DORMELLETTO";"VELA";"CORSO CAVOUR";"35";"1";"4";"0";"5";"52";"250";"0";"302";"0";"1";"0";"1";"0";"261";"0";"261";"0";"0";"1";"1";"0";"0";"2785";"2785";"1";"5";"1";"7";"52";"511";"2785";"3348";"0";"1";"1";"0";"0";"0";""
"2014";" 003159 ";"VICOLUNGO";"C 1 PARCO COMMERCIALE URBANO DI VICOLUNGO";"VIA S. MARTINO DI ZUSIAGNA";"";"0";"1";"0";"1";"0";"130";"0";"130";"1";"1";"0";"2";"316";"427";"0";"743";"0";"0";"0";"0";"0";"0";"0";"0";"1";"2";"0";"3";"316";"557";"0";"873";"1";"0";"0";"0";"0";"0";""
"2014";" 003130 ";"ROMAGNANO SESIA";"BENNET BUILDING 1";"VIA NOVARA";"";"0";"0";"0";"0";"0";"0";"0";"0";"0";"0";"0";"0";"0";"0";"0";"0";"0";"2";"0";"2";"0";"4300";"0";"4300";"0";"2";"0";"2";"0";"4300";"0";"4300";"0";"0";"0";"0";"0";"0";""
"2014";" 003159 ";"VICOLUNGO";"B PARCO COMMERCIALE URBANO DI VICOLUNGO";"VIA SAN MARTINO DI ZUSIAGNA";"";"0";"1";"0";"1";"0";"132";"0";"132";"0";"5";"0";"5";"0";"1050";"0";"1050";"0";"0";"0";"0";"0";"0";"0";"0";"0";"6";"0";"6";"0";"1182";"0";"1182";"0";"0";"0";"0";"0";"0";""
"2014";" 003043 ";"CASTELLETTO SOPRA TICINO";"HENNES";"VIA SEMPIONE";"137";"0";"0";"0";"0";"0";"0";"0";"0";"0";"2";"0";"2";"0";"1492";"0";"1492";"0";"0";"0";"0";"0";"0";"0";"0";"0";"2";"0";"2";"0";"1492";"0";"1492";"0";"0";"0";"0";"0";"0";""
"2014";" 003159 ";"VICOLUNGO";"C12 PARCO COMMERCIALE URBANO DI VICOLUNGO";"VIA SAN MARTINO DI ZUSIAGNA";"";"0";"6";"0";"6";"0";"718";"0";"718";"0";"1";"0";"1";"0";"186";"0";"186";"0";"0";"0";"0";"0";"0";"0";"0";"0";"7";"0";"7";"0";"904";"0";"904";"0";"0";"0";"0";"0";"0";""
"2014";" 003159 ";"VICOLUNGO";"F PARCOCOMMERCIALE URBANO DI VICOLUNGO";"VIA SAN MARTINO DI ZUSIAGNA";"";"0";"2";"0";"2";"0";"200";"0";"200";"0";"1";"0";"1";"0";"344";"0";"344";"0";"0";"0";"0";"0";"0";"0";"0";"0";"3";"0";"3";"0";"544";"0";"544";"0";"0";"0";"0";"0";"0";""
"2014";" 003106 ";"NOVARA";"CENTRO COMMERCIALE SAN MARTINO";"VIA UGO PORZIO GIOVANOLA";"7";"0";"30";"0";"30";"0";"2020";"0";"2020";"0";"4";"0";"4";"0";"4220";"0";"4220";"0";"0";"1";"1";"0";"0";"5760";"5760";"0";"34";"1";"35";"0";"6240";"5760";"12000";"5";"8";"0";"0";"0";"0";""
"2014";" 003159 ";"VICOLUNGO";"A PARCO COMMERCIALE URBANO DI VICOLUNGO";"VIA SAN MARTINO DI ZUSIAGNA";"";"1";"7";"0";"8";"49";"857";"0";"906";"0";"3";"0";"3";"0";"561";"0";"561";"0";"0";"0";"0";"0";"0";"0";"0";"1";"10";"0";"11";"49";"1418";"0";"1467";"1";"0";"0";"0";"0";"0";""
"2014";" 002158 ";"VERCELLI";"MARTA SRL";"TANGENZIALE OVEST";"";"0";"0";"0";"0";"0";"0";"0";"0";"0";"5";"0";"5";"0";"4741";"0";"4741";"0";"1";"0";"1";"0";"2902";"0";"2902";"0";"6";"0";"6";"0";"7643";"0";"7643";"0";"0";"0";"0";"0";"0";""
"2014";" 003159 ";"VICOLUNGO";"E PARCO COMMERICALE URBANO DI VICOLUNGO";"VIA SAN MARTINO DI ZUSIAGNA";"";"1";"8";"0";"9";"110";"948";"0";"1058";"0";"0";"0";"0";"0";"0";"0";"0";"0";"0";"0";"0";"0";"0";"0";"0";"1";"8";"0";"9";"110";"948";"0";"1058";"0";"0";"0";"0";"0";"0";""
"2014";" 003149 ";"TRECATE";"TRECATE CENTRO";"VIA GALILEO FERRARIS";"38";"0";"7";"0";"7";"0";"585";"0";"585";"0";"0";"1";"1";"0";"0";"1915";"1915";"0";"0";"0";"0";"0";"0";"0";"0";"0";"7";"1";"8";"0";"585";"1915";"2500";"0";"0";"0";"0";"0";"0";""
"2014";" 003159 ";"VICOLUNGO";"C 2 PARCO COMMERCIALE URBANO DI VICOLUNGO";"VIA SAN MARTINO DI ZUSIAGNA";"";"0";"1";"0";"1";"0";"76";"0";"76";"0";"6";"0";"6";"0";"1265";"0";"1265";"0";"0";"0";"0";"0";"0";"0";"0";"0";"7";"0";"7";"0";"1341";"0";"1341";"2";"0";"0";"0";"0";"0";""
"2014";" 003043 ";"CASTELLETTO SOPRA TICINO";"GATTICO GAUDENZIO CENTRO COMMERCIALE";"VIA SEMPIONE";"154";"0";"2";"0";"2";"0";"280";"0";"280";"0";"0";"0";"0";"0";"0";"0";"0";"0";"0";"0";"0";"0";"0";"0";"0";"0";"2";"0";"2";"0";"280";"0";"280";"0";"0";"0";"0";"0";"0";""
"2014";" 002133 ";"SANTHIA'";"CENTRO POLIFUNZIONALE IPPARCO";"VIA FERRARIS";"21/A";"0";"5";"0";"5";"0";"141";"0";"141";"0";"0";"0";"0";"0";"0";"0";"0";"0";"0";"1";"1";"0";"0";"1800";"1800";"0";"5";"1";"6";"0";"141";"1800";"1941";"1";"1";"0";"0";"0";"0";""
"2014";" 003119 ";"PISANO";"CENTRO COMMERCIALE LE CAMELIE";"VIA CIRCONVALLAZIONE";"17";"1";"2";"0";"3";"65";"140";"0";"205";"0";"3";"1";"4";"0";"975";"1300";"2275";"0";"0";"0";"0";"0";"0";"0";"0";"1";"5";"1";"7";"65";"1115";"1300";"2480";"0";"1";"0";"1";"1";"0";""
"2014";" 003130 ";"ROMAGNANO SESIA";"PORTA SAN MARTINO";"VIA NOVARA";"";"0";"0";"0";"0";"0";"0";"0";"0";"0";"2";"0";"2";"0";"2024";"0";"2024";"0";"0";"0";"0";"0";"0";"0";"0";"0";"2";"0";"2";"0";"2024";"0";"2024";"0";"0";"0";"0";"0";"0";""
"2014";" 003159 ";"VICOLUNGO";"C 3 PARCO COMMERCIALE URBANO DI VICOLUNGO";"VIA SAN MARTINO DI ZUSIAGNA";"";"0";"0";"0";"0";"0";"0";"0";"0";"0";"8";"0";"8";"0";"1499";"0";"1499";"0";"0";"0";"0";"0";"0";"0";"0";"0";"8";"0";"8";"0";"1499";"0";"1499";"0";"0";"0";"0";"0";"0";""
"2014";" 003159 ";"VICOLUNGO";"C 7 PARCO COMMERCIALE URBANO DI VICOLUNGO";"VIA SAN MARTINO DI ZUSIAGNA";"";"0";"6";"0";"6";"0";"681";"0";"681";"0";"4";"0";"4";"0";"699";"0";"699";"0";"0";"0";"0";"0";"0";"0";"0";"0";"10";"0";"10";"0";"1380";"0";"1380";"0";"0";"0";"0";"0";"0";""
"2014";" 003043 ";"CASTELLETTO SOPRA TICINO";"HOLLYVOOD";"VIA SEMPIONE";"181";"0";"0";"0";"0";"0";"0";"0";"0";"0";"5";"0";"5";"0";"1970";"0";"1970";"0";"0";"0";"0";"0";"0";"0";"0";"0";"5";"0";"5";"0";"1970";"0";"1970";"1";"0";"0";"0";"0";"0";""
"2014";" 002148 ";"TRINO";"CENTRO COMMERCIALE COOP";"C.SO G. FERRARIS";"3";"0";"1";"0";"1";"0";"23";"0";"23";"0";"0";"1";"1";"0";"0";"1100";"1100";"0";"0";"0";"0";"0";"0";"0";"0";"0";"1";"1";"2";"0";"23";"1100";"1123";"1";"0";"0";"0";"0";"0";""
"2014";" 003130 ";"ROMAGNANO SESIA";"IMMOBILIARE VALSESIANA";"VIA NOVARA/VIA A. PROLO";"";"0";"0";"0";"0";"0";"0";"0";"0";"0";"2";"0";"2";"0";"1050";"0";"1050";"0";"0";"0";"0";"0";"0";"0";"0";"0";"2";"0";"2";"0";"1050";"0";"1050";"0";"0";"0";"0";"0";"0";""
"2014";" 003159 ";"VICOLUNGO";"D PARCO COMMERCIALE URBANO DI VICOLUNGO";"VIA SAN MARTINO DI ZUSIAGNA";"";"0";"3";"0";"3";"0";"279";"0";"279";"0";"4";"0";"4";"0";"988";"0";"988";"0";"0";"0";"0";"0";"0";"0";"0";"0";"7";"0";"7";"0";"1267";"0";"1267";"1";"0";"0";"0";"0";"0";""
"2014";" 003106 ";"NOVARA";"Centro Commerciale ""Novara Est""";"C.SO TRIESTE";"85";"0";"0";"0";"0";"0";"0";"0";"0";"0";"1";"1";"2";"0";"1100";"1700";"2800";"0";"0";"0";"0";"0";"0";"0";"0";"0";"1";"1";"2";"0";"1100";"1700";"2800";"1";"0";"0";"0";"0";"0";""
"2014";" 003043 ";"CASTELLETTO SOPRA TICINO";"REMO SRL";"VIA SEMPIONE LOCALITA' TRE STRADE";"";"0";"0";"0";"0";"0";"0";"0";"0";"0";"1";"0";"1";"0";"268";"0";"268";"0";"0";"1";"1";"0";"0";"4498";"4498";"0";"1";"1";"2";"0";"268";"4498";"4766";"0";"1";"1";"0";"0";"0";""
"2014";" 003159 ";"VICOLUNGO";"C 6 PARCO COMMERCIALE URBANO DI VICOLUNGO";"VIA SAN MARTINO DI ZUSIAGNA";"";"0";"3";"0";"3";"0";"299";"0";"299";"0";"3";"0";"3";"0";"1189";"0";"1189";"0";"0";"0";"0";"0";"0";"0";"0";"0";"6";"0";"6";"0";"1488";"0";"1488";"0";"0";"0";"0";"0";"0";""
"2014";" 003130 ";"ROMAGNANO SESIA";"BENNET BUILDING 2";"VIA NOVARA";"";"0";"0";"0";"0";"0";"0";"0";"0";"0";"0";"0";"0";"0";"0";"0";"0";"0";"1";"0";"1";"0";"2400";"0";"2400";"0";"1";"0";"1";"0";"2400";"0";"2400";"0";"0";"0";"0";"0";"0";""
"2014";" 003143 ";"SUNO";"IL RISPARMIONE";"VIA BORGOMANERO";"12";"0";"0";"0";"0";"0";"0";"0";"0";"0";"3";"1";"4";"0";"1398";"399";"1797";"0";"1";"0";"1";"0";"7680";"0";"7680";"0";"4";"1";"5";"0";"9078";"399";"9477";"1";"0";"0";"1";"0";"0";""
"2014";" 003154 ";"VARALLO POMBIA";"VARALLO";"LOCALITA' MIRABELLA S. S. TICINESE 32";"";"0";"13";"1";"14";"0";"753";"38";"791";"0";"3";"0";"3";"0";"1682";"0";"1682";"0";"0";"1";"1";"0";"0";"4500";"4500";"0";"16";"2";"18";"0";"2435";"4538";"6973";"1";"1";"1";"1";"0";"0";""
"2014";" 003159 ";"VICOLUNGO";"C 8 PARCO COMMERCIALE URBANO DI VICOLUNGO";"VIA SAN MARTINO DI ZUSIAGNA";"";"0";"0";"0";"0";"0";"0";"0";"0";"0";"7";"0";"7";"0";"1498";"0";"1498";"0";"0";"0";"0";"0";"0";"0";"0";"0";"7";"0";"7";"0";"1498";"0";"1498";"0";"0";"0";"0";"0";"0";""
"2014";" 005005 ";"ASTI";"DIMAR SPA";"C.so Venezia, Via Bialera, Via Pisa";"";"0";"0";"0";"0";"0";"0";"0";"0";"0";"2";"0";"2";"0";"2260";"0";"2260";"0";"0";"0";"0";"0";"0";"0";"0";"0";"2";"0";"2";"0";"2260";"0";"2260";"0";"0";"0";"0";"0";"0";""
"2014";" 004003 ";"ALBA";"ALBA CENTER";"C.SO ASTI";"24";"0";"15";"0";"15";"0";"1140";"0";"1140";"0";"2";"0";"2";"0";"1820";"0";"1820";"0";"0";"1";"1";"0";"0";"4500";"4500";"0";"17";"1";"18";"0";"2960";"4500";"7460";"1";"1";"0";"0";"0";"0";""
"2014";" 004062 ";"CERESOLE ALBA";"ROERO";"PIAZZALE DEI CILIEGI";"7";"0";"3";"0";"3";"0";"143";"0";"143";"0";"0";"1";"1";"0";"0";"609";"609";"0";"0";"0";"0";"0";"0";"0";"0";"0";"3";"1";"4";"0";"143";"609";"752";"1";"0";"0";"0";"0";"0";""
"2014";" 005017 ";"CANELLI";"ORTOBRA SUPERFRESCHI";"VIALE ITALIA";"105";"0";"3";"0";"3";"0";"257";"0";"257";"0";"0";"1";"1";"0";"0";"970";"970";"0";"0";"0";"0";"0";"0";"0";"0";"0";"3";"1";"4";"0";"257";"970";"1227";"0";"0";"0";"0";"0";"0";""
"2014";" 006014 ";"BELFORTE MONFERRATO";"CENTRO COMMERCIALE BELFORTE";"VIA MOLINO";"1";"0";"8";"0";"8";"0";"790";"0";"790";"0";"1";"0";"1";"0";"450";"0";"450";"0";"0";"1";"1";"0";"0";"4760";"4760";"0";"9";"1";"10";"0";"1240";"4760";"6000";"1";"1";"1";"0";"0";"0";""
"2014";" 004130 ";"MONDOVI'";"SHOPPING CENTER MONDOVICINO (COMPARTO 5/A)";"PIAZZA CEREA";"15";"0";"36";"2";"38";"0";"3470";"85";"3555";"0";"4";"0";"4";"0";"2684";"0";"2684";"0";"0";"1";"1";"0";"0";"5500";"5500";"0";"40";"3";"43";"0";"6154";"5585";"11739";"3";"2";"0";"1";"0";"0";""
"2014";" 005025 ";"CASTELL'ALFERO";"CENTRO COMMERCIO LA PREALPINA";"VIA STATALE";"27/I";"0";"0";"0";"0";"0";"0";"0";"0";"0";"2";"0";"2";"0";"1530";"0";"1530";"0";"0";"0";"0";"0";"0";"0";"0";"0";"2";"0";"2";"0";"1530";"0";"1530";"0";"0";"0";"0";"0";"0";""
"2014";" 006039 ";"CASALE MONFERRATO";"CENTRO COMMERCIALE ""LA CITTADELLA""";"VIA MADRE TERESA DI CALCUTTA";"1";"0";"41";"2";"43";"0";"3392";"184";"3576";"0";"6";"0";"6";"0";"4319";"0";"4319";"0";"0";"1";"1";"0";"0";"4475";"4475";"0";"47";"3";"50";"0";"7711";"4659";"12370";"4";"2";"0";"0";"0";"1";""
"2014";" 005059 ";"ISOLA D'ASTI";"I BRICCHI";"LOCALITA' PRATOBOSCHIERO";"4";"3";"8";"1";"12";"289";"717";"84";"1090";"0";"4";"0";"4";"0";"2275";"0";"2275";"0";"1";"1";"2";"0";"1950";"4500";"6450";"3";"13";"2";"18";"289";"4942";"4584";"9815";"1";"1";"1";"0";"0";"0";""
"2014";" 005005 ";"ASTI";"NOVACOOP S.C.A.R.L.";"VIA MONTI";"2";"0";"4";"0";"4";"0";"287";"0";"287";"0";"0";"1";"1";"0";"0";"1600";"1600";"0";"0";"0";"0";"0";"0";"0";"0";"0";"4";"1";"5";"0";"287";"1600";"1887";"1";"0";"1";"0";"0";"0";""
"2014";" 006114 ";"NOVI LIGURE";"NOVI CENTER";"VIA DELLE VETRERIE";"1";"1";"20";"1";"22";"2";"2522";"50";"2574";"0";"3";"0";"3";"0";"1547";"0";"1547";"0";"0";"1";"1";"0";"0";"4500";"4500";"1";"23";"2";"26";"2";"4069";"4550";"8621";"2";"0";"1";"1";"0";"0";""
"2014";" 006075 ";"FRUGAROLO";"CITTA' DELLA MODA";"S.S. 35 BIS DEI GIOVI KM.19";"";"0";"2";"0";"2";"0";"160";"0";"160";"0";"7";"0";"7";"0";"4148";"0";"4148";"0";"1";"0";"1";"0";"3999";"0";"3999";"0";"10";"0";"10";"0";"8307";"0";"8307";"1";"0";"0";"0";"0";"0";""
"2014";" 005005 ";"ASTI";"BORGO 2 SRL";"C.so Casale";"319";"0";"26";"0";"26";"0";"1818";"0";"1818";"0";"6";"0";"6";"0";"6818";"0";"6818";"0";"1";"1";"2";"0";"2700";"4500";"7200";"0";"33";"1";"34";"0";"11336";"4500";"15836";"3";"2";"1";"0";"0";"0";""
"2014";" 006009 ";"ARQUATA SCRIVIA";"AREA EX JUTA (LOTTO 14)";"VIA ROMA";"";"2";"3";"0";"5";"193";"363";"0";"556";"0";"0";"0";"0";"0";"0";"0";"0";"0";"0";"0";"0";"0";"0";"0";"0";"2";"3";"0";"5";"193";"363";"0";"556";"0";"1";"0";"0";"0";"0";""
"2014";" 006174 ";"TORTONA";"GS";"VIA POSTUMIA";"S.N.";"0";"0";"0";"0";"0";"0";"0";"0";"0";"1";"1";"2";"0";"300";"2121";"2421";"0";"0";"0";"0";"0";"0";"0";"0";"0";"1";"1";"2";"0";"300";"2121";"2421";"1";"0";"0";"0";"0";"0";""
"2014";" 006160 ";"SERRAVALLE SCRIVIA";"SERRAVALLE RETAIL PARK TWO SRL";"VIA NOVI";"39";"0";"0";"0";"0";"0";"0";"0";"0";"0";"4";"0";"4";"0";"3360";"0";"3360";"0";"2";"0";"2";"0";"6113";"0";"6113";"0";"6";"0";"6";"0";"9473";"0";"9473";"1";"0";"1";"0";"0";"0";""
"2014";" 006003 ";"ALESSANDRIA";"PACTO";"SPALTO MARENGO";"44";"4";"11";"1";"16";"172";"819";"20";"1011";"0";"1";"1";"2";"0";"310";"1098";"1408";"0";"0";"0";"0";"0";"0";"0";"0";"4";"12";"2";"18";"172";"1129";"1118";"2419";"2";"0";"1";"1";"1";"0";""
"2014";" 096004 ";"BIELLA";"CENTRO COMMERCIALE GLI ORSI BLOCCO A";"VIALE DOMENICO MODUGNO";"3/A";"0";"41";"0";"41";"0";"3716";"0";"3716";"0";"1";"0";"1";"0";"440";"0";"440";"0";"0";"1";"1";"0";"0";"7500";"7500";"0";"42";"1";"43";"0";"4156";"7500";"11656";"2";"2";"1";"0";"0";"0";""
"2014";" 006114 ";"NOVI LIGURE";"GALLERIA IN CENTRO";"CORSO ROMUALDO MARENCO";"73";"0";"8";"0";"8";"0";"485";"0";"485";"0";"0";"0";"0";"0";"0";"0";"0";"0";"0";"0";"0";"0";"0";"0";"0";"0";"8";"0";"8";"0";"485";"0";"485";"1";"0";"0";"0";"0";"0";""
"2014";" 103025 ";"CREVOLADOSSOLA";"CDL ILLUMINAZIONE SNC DI MORELLI RICCARDO E C";"VIA SEMPIONE";"156";"0";"0";"0";"0";"0";"0";"0";"0";"0";"1";"0";"1";"0";"451";"0";"451";"0";"0";"0";"0";"0";"0";"0";"0";"0";"1";"0";"1";"0";"451";"0";"451";"0";"0";"0";"0";"0";"0";""
"2014";" 006039 ";"CASALE MONFERRATO";"CENTRO COMMERCIALE COOP";"PIAZZA ALDO MORO";"5";"2";"4";"1";"7";"108";"232";"83";"423";"0";"0";"1";"1";"0";"0";"1495";"1495";"0";"0";"0";"0";"0";"0";"0";"0";"2";"4";"2";"8";"108";"232";"1578";"1918";"1";"0";"0";"0";"0";"0";""
"2014";" 006121 ";"OVADA";"BENNET S.P.A.";"VIA DUCHESSA DI GALLIERA";"2";"0";"1";"0";"1";"0";"233";"0";"233";"0";"0";"1";"1";"0";"0";"1948";"1948";"0";"0";"0";"0";"0";"0";"0";"0";"0";"1";"1";"2";"0";"233";"1948";"2181";"1";"0";"0";"0";"0";"0";""
"2014";" 096004 ";"BIELLA";"IMMOBILIARE FRIULI S.A.S.";"Via Milano";"50";"0";"0";"0";"0";"0";"0";"0";"0";"0";"1";"1";"2";"0";"908";"822";"1730";"0";"0";"0";"0";"0";"0";"0";"0";"0";"1";"1";"2";"0";"908";"822";"1730";"0";"0";"0";"0";"0";"0";""
"2014";" 006177 ";"VALENZA";"NOVA COOP SOCIETA' COOPERATIVA";"Viale Cellini - Regione Cappuccini - Zona T9";"185";"0";"2";"0";"2";"0";"291";"0";"291";"0";"0";"0";"0";"0";"0";"0";"0";"0";"0";"1";"1";"0";"0";"4490";"4490";"0";"2";"1";"3";"0";"291";"4490";"4781";"1";"1";"1";"0";"0";"0";""
"2014";" 096032 ";"MASSERANO";"CENTRO ACQUISTI SAN GIACOMO DI MASSERANO";"VIA REPUBBLICA";"26";"0";"8";"1";"9";"0";"712";"58";"770";"0";"5";"2";"7";"0";"3478";"1700";"5178";"0";"1";"0";"1";"0";"2800";"0";"2800";"0";"14";"3";"17";"0";"6990";"1758";"8748";"1";"1";"0";"0";"0";"0";""
"2014";" 004067 ";"CHERASCO";"BORGO AURORA DI GARESIO SPORT SNC";"VIA SAVIGLIANO";"38";"0";"4";"0";"4";"0";"465";"0";"465";"0";"2";"0";"2";"0";"436";"0";"436";"0";"0";"0";"0";"0";"0";"0";"0";"0";"6";"0";"6";"0";"901";"0";"901";"0";"0";"0";"0";"0";"0";""
"2014";" 004212 ";"SANTA VITTORIA D'ALBA";"Roero Retail Park";"Via Gorreto";"1";"0";"0";"0";"0";"0";"0";"0";"0";"0";"2";"0";"2";"0";"1500";"0";"1500";"0";"2";"0";"2";"0";"4450";"0";"4450";"0";"4";"0";"4";"0";"5950";"0";"5950";"0";"1";"0";"0";"0";"0";""
"2014";" 006160 ";"SERRAVALLE SCRIVIA";"SERRAVALLE RETAIL PARK ONE SRL";"VIA NOVI";"33-35";"0";"3";"0";"3";"0";"180";"0";"180";"0";"5";"0";"5";"0";"4270";"0";"4270";"0";"3";"0";"3";"0";"8200";"0";"8200";"0";"11";"0";"11";"0";"12650";"0";"12650";"0";"0";"0";"0";"0";"0";""
"2014";" 006174 ";"TORTONA";"CENTRO COMMERCIALE OASI";"STRADA PROVINCIALE PER VIGUZZOLO";"2";"1";"20";"0";"21";"5";"1670";"0";"1675";"0";"5";"0";"5";"0";"4770";"0";"4770";"0";"0";"1";"1";"0";"0";"5000";"5000";"1";"25";"1";"27";"5";"6440";"5000";"11445";"2";"1";"1";"1";"1";"0";""
"2014";" 004025 ";"BORGO SAN DALMAZZO";"BORGO MERCATO";"VIA CUNEO";"80";"0";"19";"1";"20";"0";"1054";"54";"1108";"0";"1";"0";"1";"0";"1600";"0";"1600";"0";"0";"1";"1";"0";"0";"3960";"3960";"0";"20";"2";"22";"0";"2654";"4014";"6668";"1";"1";"1";"1";"0";"0";""
"2014";" 003159 ";"VICOLUNGO";"C 15 PARCO COMMERCIALE URBANO DI VICOLUNGO";"PIAZZA SANTA RITA";"";"0";"1";"0";"1";"0";"133";"0";"133";"0";"3";"0";"3";"0";"588";"0";"588";"0";"0";"0";"0";"0";"0";"0";"0";"0";"4";"0";"4";"0";"721";"0";"721";"1";"0";"0";"0";"0";"0";""
"2014";" 004096 ";"GENOLA";"M.BUSINESS SRL";"VIA G.MARCONI";"90";"0";"2";"0";"2";"0";"183";"0";"183";"0";"1";"0";"1";"0";"1201";"0";"1201";"0";"0";"0";"0";"0";"0";"0";"0";"0";"3";"0";"3";"0";"1384";"0";"1384";"0";"0";"0";"0";"0";"0";""
"2014";" 004078 ";"CUNEO";"GRAND'A SEQUENZIALE";"VIA GUIDO MARTINO";"5";"0";"0";"0";"0";"0";"0";"0";"0";"0";"3";"0";"3";"0";"4543";"0";"4543";"0";"0";"0";"0";"0";"0";"0";"0";"0";"3";"0";"3";"0";"4543";"0";"4543";"0";"0";"0";"0";"0";"0";""
"2014";" 004096 ";"GENOLA";"LA GRANDA";"VIA GARETTA";"8/A";"2";"1";"0";"3";"151";"10";"0";"161";"0";"0";"0";"0";"0";"0";"0";"0";"0";"0";"0";"0";"0";"0";"0";"0";"2";"1";"0";"3";"151";"10";"0";"161";"0";"1";"0";"1";"0";"0";""
"2014";" 004096 ";"GENOLA";"EUROFUTURO";"Via Frassinetto";"24";"0";"0";"0";"0";"0";"0";"0";"0";"0";"0";"0";"0";"0";"0";"0";"0";"0";"2";"0";"2";"0";"4350";"0";"4350";"0";"2";"0";"2";"0";"4350";"0";"4350";"0";"0";"0";"0";"0";"0";""
"2014";" 005005 ";"ASTI";"SOCIETA' IMMOBILIARE COMMERCIALE SRL";"C.SO ALESSANDRIA";"328/330";"0";"0";"0";"0";"0";"0";"0";"0";"0";"3";"0";"3";"0";"1972";"0";"1972";"0";"0";"0";"0";"0";"0";"0";"0";"0";"3";"0";"3";"0";"1972";"0";"1972";"1";"0";"0";"0";"0";"0";""
"2014";" 004096 ";"GENOLA";"WALLFLOR S.N.C.";"VIA FRASSINETTO";"3";"0";"0";"0";"0";"0";"0";"0";"0";"0";"2";"0";"2";"0";"985";"0";"985";"0";"0";"0";"0";"0";"0";"0";"0";"0";"2";"0";"2";"0";"985";"0";"985";"0";"0";"0";"0";"0";"0";""
"2014";" 005017 ";"CANELLI";"IL CASTELLO SHOPPING CENTER";"VIA TESTORE";"1";"0";"6";"0";"6";"0";"461";"0";"461";"0";"3";"0";"3";"0";"1519";"0";"1519";"0";"0";"1";"1";"0";"0";"3295";"3295";"0";"9";"1";"10";"0";"1980";"3295";"5275";"1";"1";"1";"1";"1";"0";""
"2014";" 004212 ";"SANTA VITTORIA D'ALBA";"M. SESSANTANOVE SRL (MERCATONE UNO)";"Via Statale";"187";"0";"1";"0";"1";"0";"150";"0";"150";"0";"1";"0";"1";"0";"1349";"0";"1349";"0";"0";"0";"0";"0";"0";"0";"0";"0";"2";"0";"2";"0";"1499";"0";"1499";"0";"0";"0";"0";"0";"0";""
"2014";" 004029 ";"BRA";"DIMAR SPA";"VIA DON ORIONE";"45";"1";"13";"0";"14";"30";"1169";"0";"1199";"0";"1";"0";"1";"0";"834";"0";"834";"0";"0";"1";"1";"0";"0";"4250";"4250";"1";"14";"1";"16";"30";"2003";"4250";"6283";"1";"1";"0";"1";"0";"0";""
"2014";" 004078 ";"CUNEO";"AUCHAN SEQUENZIALE";"VIA MARGARITA";"3";"0";"0";"0";"0";"0";"0";"0";"0";"0";"2";"0";"2";"0";"4890";"0";"4890";"0";"1";"0";"1";"0";"2700";"0";"2700";"0";"3";"0";"3";"0";"7590";"0";"7590";"0";"0";"0";"0";"0";"0";""
"2014";" 005080 ";"NIZZA MONFERRATO";"LA FORNACE";"STRADA CANELLI";"10";"0";"12";"0";"12";"0";"1055";"0";"1055";"0";"1";"0";"1";"0";"988";"0";"988";"0";"0";"1";"1";"0";"0";"4500";"4500";"0";"13";"1";"14";"0";"2043";"4500";"6543";"1";"0";"1";"1";"0";"0";""
"2014";" 004078 ";"CUNEO";"CENTRO COMMERCIALE SEQUENZIALE ALTIPIANO";"VIA CASCINA COLOMBARO";"26";"0";"0";"0";"0";"0";"0";"0";"0";"0";"0";"0";"0";"0";"0";"0";"0";"0";"2";"0";"2";"0";"5070";"0";"5070";"0";"2";"0";"2";"0";"5070";"0";"5070";"0";"0";"0";"0";"0";"0";""
"2014";" 005005 ";"ASTI";"BILLA AKTIENGESELLSCHAFT";"C.SO CASALE";"316";"1";"0";"0";"1";"89";"0";"0";"89";"0";"0";"1";"1";"0";"0";"754";"754";"0";"0";"0";"0";"0";"0";"0";"0";"1";"0";"1";"2";"89";"0";"754";"843";"0";"0";"0";"0";"0";"0";""
"2014";" 004096 ";"GENOLA";"FITALY";"VIA MONVISO";"5";"0";"1";"0";"1";"0";"140";"0";"140";"0";"1";"0";"1";"0";"390";"0";"390";"0";"0";"0";"0";"0";"0";"0";"0";"0";"2";"0";"2";"0";"530";"0";"530";"0";"0";"0";"0";"0";"0";""
"2014";" 006001 ";"ACQUI TERME";"NEGRI CARLO LEGNAMI SAS";"STRADALE SAVONA";"44";"0";"0";"0";"0";"0";"0";"0";"0";"0";"2";"0";"2";"0";"2493";"0";"2493";"0";"0";"0";"0";"0";"0";"0";"0";"0";"2";"0";"2";"0";"2493";"0";"2493";"0";"0";"0";"0";"0";"0";""
"2014";" 006174 ";"TORTONA";"PROGETTI E RESIDENZE SRL";"VIA GIANI";"17";"0";"0";"0";"0";"0";"0";"0";"0";"2";"0";"0";"2";"719";"0";"0";"719";"0";"0";"0";"0";"0";"0";"0";"0";"2";"0";"0";"2";"719";"0";"0";"719";"0";"0";"0";"0";"0";"0";""
"2014";" 004163 ";"PEVERAGNO";"Casa Bisalta";"Via San Giorgio";"34";"0";"1";"0";"1";"0";"51";"0";"51";"0";"0";"1";"1";"0";"0";"916";"916";"0";"0";"0";"0";"0";"0";"0";"0";"0";"1";"1";"2";"0";"51";"916";"967";"0";"0";"0";"0";"0";"0";""
"2014";" 005017 ";"CANELLI";"E.M.C. S.R.L.";"PIAZZA GANCIA";"2";"0";"0";"0";"0";"0";"0";"0";"0";"0";"2";"0";"2";"0";"758";"0";"758";"0";"0";"0";"0";"0";"0";"0";"0";"0";"2";"0";"2";"0";"758";"0";"758";"0";"0";"0";"0";"0";"0";""
"2014";" 006001 ";"ACQUI TERME";"MARGHERITA SPA";"VIA ROMITA ANG. VIA ROSSELLI";"-";"0";"0";"0";"0";"0";"0";"0";"0";"0";"0";"1";"1";"0";"0";"1806";"1806";"0";"0";"0";"0";"0";"0";"0";"0";"0";"0";"1";"1";"0";"0";"1806";"1806";"0";"0";"0";"0";"0";"0";""
"2014";" 006003 ";"ALESSANDRIA";"HABITAREA SRL";"VIALE MASSOBRIO / ANG. VIA SCLAVO";"SNC";"1";"0";"0";"1";"235";"0";"0";"235";"0";"1";"1";"2";"0";"305";"899";"1204";"0";"0";"0";"0";"0";"0";"0";"0";"1";"1";"1";"3";"235";"305";"899";"1439";"0";"0";"0";"0";"0";"0";""
"2014";" 006174 ";"TORTONA";"TOPMAR SRL";"VIA MARIO SILLA";"5/B";"2";"0";"2";"4";"40";"0";"290";"330";"0";"0";"0";"0";"0";"0";"0";"0";"0";"0";"0";"0";"0";"0";"0";"0";"2";"0";"2";"4";"40";"0";"290";"330";"1";"0";"0";"1";"0";"0";""
"2014";" 006009 ";"ARQUATA SCRIVIA";"AREA EX JUTA (LOTTO 13)";"VIA ROMA";"";"1";"1";"1";"3";"63";"63";"63";"189";"0";"0";"0";"0";"0";"0";"0";"0";"0";"0";"0";"0";"0";"0";"0";"0";"1";"1";"1";"3";"63";"63";"63";"189";"0";"0";"0";"0";"0";"0";""
"2014";" 006009 ";"ARQUATA SCRIVIA";"MICRO S.R.L.";"VIA ROMA (AREA EX JUTA)";"";"0";"1";"0";"1";"0";"88";"0";"88";"0";"0";"1";"1";"0";"0";"721";"721";"0";"0";"0";"0";"0";"0";"0";"0";"0";"1";"1";"2";"0";"88";"721";"809";"1";"0";"0";"0";"0";"0";""
"2014";" 006174 ";"TORTONA";"LUGANO LEONARDO SRL";"STRADA STATALE PER VOGHERA";"S.N.";"0";"9";"0";"9";"0";"1395";"0";"1395";"0";"0";"0";"0";"0";"0";"0";"0";"0";"0";"0";"0";"0";"0";"0";"0";"0";"9";"0";"9";"0";"1395";"0";"1395";"0";"0";"0";"0";"0";"0";""
"2014";" 006043 ";"CASSINE";"PIAZZETTA DEGLI AROMATICI";"CORSO COLOMBO";"";"0";"2";"0";"2";"0";"108";"0";"108";"0";"0";"1";"1";"0";"0";"499";"499";"0";"0";"0";"0";"0";"0";"0";"0";"0";"2";"1";"3";"0";"108";"499";"607";"0";"0";"0";"0";"0";"0";""
"2014";" 006114 ";"NOVI LIGURE";"DUEMILA FRUTTA S.R.L.";"VIA G. GARIBALDI";"17";"0";"0";"2";"2";"0";"0";"325";"325";"0";"0";"1";"1";"0";"0";"316";"316";"0";"0";"0";"0";"0";"0";"0";"0";"0";"0";"3";"3";"0";"0";"641";"641";"1";"0";"0";"0";"0";"0";""
"2014";" 096047 ";"PONDERANO";"LE PIRAMIDI";"VIA SP.143";"SNC";"0";"1";"0";"1";"0";"40";"0";"40";"0";"0";"0";"0";"0";"0";"0";"0";"0";"2";"0";"2";"0";"6000";"0";"6000";"0";"3";"0";"3";"0";"6040";"0";"6040";"1";"0";"1";"1";"0";"0";""
"2014";" 006138 ";"POZZOLO FORMIGARO";"I GIOVI";"VIA BELVEDERE";"17/19";"0";"7";"0";"7";"0";"464";"0";"464";"0";"0";"0";"0";"0";"0";"0";"0";"0";"0";"1";"1";"0";"0";"4200";"4200";"0";"7";"1";"8";"0";"464";"4200";"4664";"1";"0";"0";"1";"0";"1";""
"2014";" 006177 ";"VALENZA";"ZEMIS S.R.L.";"Corso Matteotti angolo Viale Cellini (AREA B11cc)";"";"2";"0";"0";"2";"305";"0";"0";"305";"0";"0";"0";"0";"0";"0";"0";"0";"0";"0";"0";"0";"0";"0";"0";"0";"2";"0";"0";"2";"305";"0";"0";"305";"0";"1";"0";"0";"0";"0";""
"2014";" 004003 ";"ALBA";"ALBA 91 SRL";"Via Roma, via XX Settembre a via Mazzini";"";"1";"13";"1";"15";"70";"1018";"37";"1125";"0";"0";"1";"1";"0";"0";"1094";"1094";"0";"0";"0";"0";"0";"0";"0";"0";"1";"13";"2";"16";"70";"1018";"1131";"2219";"1";"1";"0";"0";"0";"0";""
"2014";" 005025 ";"CASTELL'ALFERO";"DIMAR SPA";"VIA STATALE";"33";"0";"0";"0";"0";"0";"0";"0";"0";"0";"1";"1";"2";"0";"251";"1249";"1500";"0";"0";"0";"0";"0";"0";"0";"0";"0";"1";"1";"2";"0";"251";"1249";"1500";"0";"0";"0";"0";"0";"0";""
"2014";" 004215 ";"SAVIGLIANO";"ICC IMMOBILIARI COMMERCIALI CENTRALI S.R.L.";"VIA MELLONERA";"";"0";"0";"0";"0";"0";"0";"0";"0";"0";"1";"0";"1";"0";"489";"0";"489";"0";"1";"0";"1";"0";"2510";"0";"2510";"0";"2";"0";"2";"0";"2999";"0";"2999";"0";"0";"0";"0";"0";"0";""
"2014";" 004029 ";"BRA";"COOP NOVACOOP S.C.R.L.";"VIA SENATOR SARTORI";"9";"0";"8";"1";"9";"0";"377";"92";"469";"0";"0";"1";"1";"0";"0";"1910";"1910";"0";"0";"0";"0";"0";"0";"0";"0";"0";"8";"2";"10";"0";"377";"2002";"2379";"1";"0";"1";"1";"0";"0";""
"2014";" 004003 ";"ALBA";"BIG STORE";"C.SO CANALE";"99";"0";"7";"0";"7";"0";"454";"0";"454";"0";"5";"0";"5";"0";"2854";"0";"2854";"0";"0";"1";"1";"0";"0";"3873";"3873";"0";"12";"1";"13";"0";"3308";"3873";"7181";"0";"0";"0";"0";"0";"0";""
"2014";" 004046 ";"CASTAGNITO";"CASTAGNITO COMMERCIO SAS";"Via Alba";"32";"0";"0";"0";"0";"0";"0";"0";"0";"0";"1";"1";"2";"0";"172";"166";"338";"0";"0";"0";"0";"0";"0";"0";"0";"0";"1";"1";"2";"0";"172";"166";"338";"0";"0";"0";"0";"0";"0";""
"2014";" 004029 ";"BRA";"FESSIA SNC.";"CORSO IV NOVEMBRE";"50";"0";"2";"0";"2";"0";"498";"0";"498";"0";"0";"2";"2";"0";"0";"1215";"1215";"0";"0";"0";"0";"0";"0";"0";"0";"0";"2";"2";"4";"0";"498";"1215";"1713";"0";"0";"0";"0";"0";"0";""
"2014";" 096059 ";"SANDIGLIANO";"THE PLACE";"VIA CESARE BATTISTI";"99";"0";"3";"0";"3";"0";"302";"0";"302";"0";"3";"0";"3";"0";"1108";"0";"1108";"0";"0";"0";"0";"0";"0";"0";"0";"0";"6";"0";"6";"0";"1410";"0";"1410";"1";"1";"0";"0";"0";"0";""
"2014";" 103072 ";"VERBANIA";"GRANCASA SRL";"vIA 42 MARTIRI";"195";"0";"2";"0";"2";"0";"250";"0";"250";"0";"1";"0";"1";"0";"2200";"0";"2200";"0";"0";"0";"0";"0";"0";"0";"0";"0";"3";"0";"3";"0";"2450";"0";"2450";"0";"0";"0";"0";"0";"0";""
"2014";" 004067 ";"CHERASCO";"ATLANTE- MONTELLO";"VIA BRA";"109";"0";"0";"0";"0";"0";"0";"0";"0";"0";"1";"0";"1";"0";"1080";"0";"1080";"0";"2";"0";"2";"0";"3636";"0";"3636";"0";"3";"0";"3";"0";"4716";"0";"4716";"1";"0";"0";"0";"0";"0";""
"2014";" 004130 ";"MONDOVI'";"MONDOVICINO OUTLET VILLAGE COMP. 3B";"PIAZZA MONDOVICINO";"";"0";"27";"0";"27";"0";"4361";"0";"4361";"0";"0";"0";"0";"0";"0";"0";"0";"0";"0";"0";"0";"0";"0";"0";"0";"0";"27";"0";"27";"0";"4361";"0";"4361";"0";"1";"0";"0";"0";"0";""
"2014";" 004046 ";"CASTAGNITO";"UNIEURO SPA";"VIA NEIVE";"16 B";"0";"0";"0";"0";"0";"0";"0";"0";"0";"2";"0";"2";"0";"3000";"0";"3000";"0";"0";"0";"0";"0";"0";"0";"0";"0";"2";"0";"2";"0";"3000";"0";"3000";"0";"0";"0";"0";"0";"0";""
"2014";" 004029 ";"BRA";"GE IMM CALLIGARISDUE SAS. DI CALLIGARIS DOMENICO & C.";"VIALE MADONNA DEI FIORI";"20";"0";"0";"0";"0";"0";"0";"0";"0";"0";"1";"1";"2";"0";"610";"753";"1363";"0";"0";"0";"0";"0";"0";"0";"0";"0";"1";"1";"2";"0";"610";"753";"1363";"0";"0";"0";"0";"0";"0";""
"2014";" 006081 ";"GAVI";"IL FORTE";"VIA SERRAVALLE";"30R";"0";"7";"0";"7";"0";"300";"0";"300";"0";"0";"1";"1";"0";"0";"1200";"1200";"0";"0";"0";"0";"0";"0";"0";"0";"0";"7";"1";"8";"0";"300";"1200";"1500";"1";"0";"0";"0";"0";"0";""
"2014";" 004096 ";"GENOLA";"BENNET";"Via G.Marconi";"31";"0";"0";"0";"0";"0";"0";"0";"0";"0";"1";"0";"1";"0";"754";"0";"754";"0";"0";"1";"1";"0";"0";"8510";"8510";"0";"1";"1";"2";"0";"754";"8510";"9264";"1";"1";"1";"0";"0";"1";""
"2014";" 004215 ";"SAVIGLIANO";"SAVIDIS - LECLERC CONAD";"VIA SALUZZO";"65";"0";"3";"1";"4";"0";"381";"119";"500";"0";"0";"1";"1";"0";"0";"2500";"2500";"0";"0";"0";"0";"0";"0";"0";"0";"0";"3";"2";"5";"0";"381";"2619";"3000";"1";"0";"1";"1";"0";"0";""
"2014";" 103025 ";"CREVOLADOSSOLA";"VALDOSSOLA SHOPPING CENTER";"VIA GARIBALDI";"02-apr";"0";"5";"1";"6";"0";"449";"42";"491";"0";"0";"0";"0";"0";"0";"0";"0";"0";"0";"1";"1";"0";"0";"4100";"4100";"0";"5";"2";"7";"0";"449";"4142";"4591";"1";"1";"1";"0";"1";"0";""
"2014";" 006174 ";"TORTONA";"SANTORINI SRL";"STRADA STATALE PER ALESSANDRIA";"8/D";"0";"1";"0";"1";"0";"200";"0";"200";"0";"3";"0";"3";"0";"1505";"0";"1505";"0";"0";"0";"0";"0";"0";"0";"0";"0";"4";"0";"4";"0";"1705";"0";"1705";"0";"0";"0";"0";"0";"0";""
"2014";" 004215 ";"SAVIGLIANO";"KAPPA S.A.S.";"VIA SALUZZO";"";"0";"0";"0";"0";"0";"0";"0";"0";"0";"2";"1";"3";"0";"1075";"788";"1863";"0";"0";"0";"0";"0";"0";"0";"0";"0";"2";"1";"3";"0";"1075";"788";"1863";"0";"0";"0";"0";"0";"0";""
"2014";" 004078 ";"CUNEO";"GRAND'A CLASSICO";"VIA GUIDO MARTINO";"8";"0";"23";"1";"24";"0";"1633";"39";"1672";"0";"3";"0";"3";"0";"2089";"0";"2089";"0";"0";"1";"1";"0";"0";"4500";"4500";"0";"26";"2";"28";"0";"3722";"4539";"8261";"2";"1";"0";"0";"0";"0";""
"2014";" 004078 ";"CUNEO";"IPERCOOP";"VIA CASCINA COLOMBARO";"26/A";"0";"4";"1";"5";"0";"310";"43";"353";"0";"1";"0";"1";"0";"899";"0";"899";"0";"0";"1";"1";"0";"0";"4312";"4312";"0";"5";"2";"7";"0";"1209";"4355";"5564";"1";"1";"0";"0";"0";"0";""
"2014";" 004034 ";"BUSCA";"MAXISCONTO srl";"FRAZIONE SAN BARNABA";"150";"0";"3";"0";"3";"0";"318";"0";"318";"0";"0";"1";"1";"0";"0";"1480";"1480";"0";"0";"0";"0";"0";"0";"0";"0";"0";"3";"1";"4";"0";"318";"1480";"1798";"1";"0";"0";"0";"0";"0";""
"2014";" 004130 ";"MONDOVI'";"MONDOVICINO OUTLET VILLAGE COMP.1";"PIAZZA MONDOVICINO";"";"1";"51";"0";"52";"250";"7612";"0";"7862";"0";"1";"0";"1";"0";"580";"0";"580";"0";"0";"0";"0";"0";"0";"0";"0";"1";"52";"0";"53";"250";"8192";"0";"8442";"2";"1";"0";"0";"0";"1";""
"2014";" 006185 ";"VILLANOVA MONFERRATO";"BENNET MONFERRATO SHOPPING CENTER SRL";"STRADA STATALE 31";"7";"0";"8";"0";"8";"0";"523";"0";"523";"0";"4";"0";"4";"0";"2465";"0";"2465";"0";"0";"2";"2";"0";"0";"8293";"8293";"0";"12";"2";"14";"0";"2988";"8293";"11281";"1";"2";"1";"1";"0";"0";""
"2014";" 005069 ";"MONCALVO";"VI.C.PA. SAS";"STRADA CASALE";"32";"1";"0";"0";"1";"127";"0";"0";"127";"0";"0";"1";"1";"0";"0";"772";"772";"0";"0";"0";"0";"0";"0";"0";"0";"1";"0";"1";"2";"127";"0";"772";"899";"0";"0";"0";"0";"0";"0";""
"2014";" 004212 ";"SANTA VITTORIA D'ALBA";"ROERO CENTER";"Via Gorreto";"2";"2";"9";"0";"11";"4";"606";"0";"610";"0";"1";"0";"1";"0";"720";"0";"720";"0";"0";"1";"1";"0";"0";"4500";"4500";"2";"10";"1";"13";"4";"1326";"4500";"5830";"1";"0";"1";"0";"0";"0";""
"2014";" 006043 ";"CASSINE";"LA VASERIA";"VIA ALESSANDRIA";"";"0";"2";"0";"2";"0";"153";"0";"153";"0";"1";"0";"1";"0";"477";"0";"477";"0";"0";"0";"0";"0";"0";"0";"0";"0";"3";"0";"3";"0";"630";"0";"630";"0";"0";"0";"0";"0";"0";""
"2014";" 004078 ";"CUNEO";"AUCHAN CLASSICO";"VIA MARGARITA";"6";"1";"27";"2";"30";"20";"1811";"87";"1918";"0";"4";"0";"4";"0";"2585";"0";"2585";"0";"0";"1";"1";"0";"0";"7500";"7500";"1";"31";"3";"35";"20";"4396";"7587";"12003";"2";"2";"1";"0";"0";"0";""
"2014";" 096059 ";"SANDIGLIANO";"AGLIETTI CARNI SAS DI AGLIETTI ZAMPALLA FEDERICO & c.";"VIA GRAMSCI";"N. 50";"0";"1";"0";"1";"0";"36";"0";"36";"0";"0";"1";"1";"0";"0";"366";"366";"0";"0";"0";"0";"0";"0";"0";"0";"0";"1";"1";"2";"0";"36";"366";"402";"0";"0";"0";"0";"0";"0";""
"2014";" 006160 ";"SERRAVALLE SCRIVIA";"MC ARTHUR GLEN DESIGNER OUTLET";"VIALE DELLA MODA";"1";"0";"104";"0";"104";"0";"10363";"0";"10363";"0";"72";"0";"72";"0";"15932";"0";"15932";"0";"0";"0";"0";"0";"0";"0";"0";"0";"176";"0";"176";"0";"26295";"0";"26295";"6";"4";"0";"0";"0";"0";""
"2014";" 004130 ";"MONDOVI'";"RETAIL PARK MONDOVICINO (COMPARTO 3/A)";"PIAZZA MONDOVICINO";"";"0";"0";"0";"0";"0";"0";"0";"0";"0";"6";"0";"6";"0";"7701";"0";"7701";"0";"0";"0";"0";"0";"0";"0";"0";"0";"6";"0";"6";"0";"7701";"0";"7701";"0";"1";"0";"0";"0";"0";""
"2014";" 005097 ";"SAN DAMIANO D'ASTI";"F.lli Morando";"via Salvo D'Acquisto";"14";"0";"1";"0";"1";"0";"24";"0";"24";"0";"1";"0";"1";"0";"245";"0";"245";"0";"0";"0";"0";"0";"0";"0";"0";"0";"2";"0";"2";"0";"269";"0";"269";"0";"0";"0";"0";"0";"0";""
"2014";" 103025 ";"CREVOLADOSSOLA";"M. BUSINESS SRL";"PIAZZA I MAGGIO";"1";"0";"2";"0";"2";"0";"145";"0";"145";"0";"1";"0";"1";"0";"400";"0";"400";"0";"1";"0";"1";"0";"3500";"0";"3500";"0";"4";"0";"4";"0";"4045";"0";"4045";"0";"0";"0";"0";"0";"0";""
"2014";" 006003 ";"ALESSANDRIA";"CENTRO COMMERCIALE ARCHI";"VIA SCLAVO";"15";"1";"15";"0";"16";"70";"836";"0";"906";"0";"1";"0";"1";"0";"388";"0";"388";"0";"0";"1";"1";"0";"0";"2700";"2700";"1";"16";"1";"18";"70";"1224";"2700";"3994";"1";"0";"1";"1";"0";"0";""
"2014";" 096004 ";"BIELLA";"CENTRO COMMERCIALE GLI ORSI BLOCCO B";"VIALE DOMENICO MODUGNO";"4/A";"0";"34";"2";"36";"0";"4927";"132";"5059";"0";"7";"0";"7";"0";"6056";"0";"6056";"0";"0";"0";"0";"0";"0";"0";"0";"0";"41";"2";"43";"0";"10983";"132";"11115";"2";"5";"0";"0";"0";"0";""
"2014";" 103050 ";"OMEGNA";"BILLA";"VIA IV NOVEMBRE";"275";"1";"1";"0";"2";"89";"66";"0";"155";"0";"1";"1";"2";"0";"845";"1500";"2345";"0";"0";"0";"0";"0";"0";"0";"0";"1";"2";"1";"4";"89";"911";"1500";"2500";"1";"1";"0";"0";"0";"0";""
"2014";" 103025 ";"CREVOLADOSSOLA";"DASARA'";"VIA GARIBALDI";"4";"0";"0";"0";"0";"0";"0";"0";"0";"0";"1";"0";"1";"0";"800";"0";"800";"0";"0";"0";"0";"0";"0";"0";"0";"0";"1";"0";"1";"0";"800";"0";"800";"0";"0";"0";"0";"0";"0";""
"2014";" 006003 ";"ALESSANDRIA";"PANORAMA";"CORSO ROMITA - LOCALITA' CHIOZZO";"SNC";"0";"36";"3";"39";"0";"3343";"146";"3489";"0";"5";"0";"5";"0";"4011";"0";"4011";"0";"0";"1";"1";"0";"0";"4500";"4500";"0";"41";"4";"45";"0";"7354";"4646";"12000";"3";"1";"2";"0";"0";"0";""
"2014";" 004130 ";"MONDOVI'";"AZZURRA";"VIA TRIESTE";"2";"0";"0";"0";"0";"0";"0";"0";"0";"0";"2";"1";"3";"0";"1392";"775";"2167";"0";"0";"0";"0";"0";"0";"0";"0";"0";"2";"1";"3";"0";"1392";"775";"2167";"0";"0";"0";"0";"0";"0";""
"2014";" 006003 ";"ALESSANDRIA";"PLACET SRL";"VIA GIORDANO BRUNO";"226";"0";"1";"0";"1";"0";"248";"0";"248";"0";"1";"0";"1";"0";"1033";"0";"1033";"0";"0";"0";"0";"0";"0";"0";"0";"0";"2";"0";"2";"0";"1281";"0";"1281";"0";"0";"0";"0";"0";"0";""
"2014";" 006001 ";"ACQUI TERME";"SUPER GULLIVER";"VIA CASSAROGNA";"21";"0";"0";"0";"0";"0";"0";"0";"0";"0";"1";"1";"2";"0";"600";"1470";"2070";"0";"0";"0";"0";"0";"0";"0";"0";"0";"1";"1";"2";"0";"600";"1470";"2070";"0";"0";"0";"0";"0";"0";""
"2014";" 005005 ";"ASTI";"BILLA A.G.";"C.so Alessandria angolo Via Monti";"";"0";"0";"1";"1";"0";"0";"146";"146";"0";"0";"1";"1";"0";"0";"900";"900";"0";"0";"0";"0";"0";"0";"0";"0";"0";"0";"2";"2";"0";"0";"1046";"1046";"0";"0";"0";"0";"0";"0";""
"2014";" 006174 ";"TORTONA";"LIVINGSTON SPA";"VIA BRIGATA GARIBALDI";"1/3 1/4 1/5 1/6";"1";"1";"0";"2";"158";"158";"0";"316";"0";"1";"0";"1";"0";"320";"0";"320";"0";"0";"0";"0";"0";"0";"0";"0";"1";"2";"0";"3";"158";"478";"0";"636";"0";"0";"0";"0";"0";"0";""
"2014";" 005017 ";"CANELLI";"CENTRO COMMERCIALE DEL TEATRO";"VIALE INDIPENDENZA";"25";"0";"4";"0";"4";"0";"344";"0";"344";"0";"0";"0";"0";"0";"0";"0";"0";"0";"0";"0";"0";"0";"0";"0";"0";"0";"4";"0";"4";"0";"344";"0";"344";"0";"0";"0";"0";"0";"0";""
"2014";" 006160 ";"SERRAVALLE SCRIVIA";"CENTRO COMMERCIALE SERRAVALLE";"VIA NOVI";"39";"0";"15";"0";"15";"0";"1101";"0";"1101";"0";"7";"0";"7";"0";"3734";"0";"3734";"0";"0";"1";"1";"0";"0";"7500";"7500";"0";"22";"1";"23";"0";"4835";"7500";"12335";"2";"1";"1";"0";"0";"1";""
"2014";" 005069 ";"MONCALVO";"I FILARI";"STRADA CASALE";"36/A";"0";"2";"0";"2";"0";"188";"0";"188";"0";"0";"1";"1";"0";"0";"827";"827";"0";"0";"0";"0";"0";"0";"0";"0";"0";"2";"1";"3";"0";"188";"827";"1015";"0";"0";"0";"0";"0";"0";""
"2014";" 006174 ";"TORTONA";"IL GIARDINO SRL";"VIA POSTUMIA";"S.N.";"0";"0";"0";"0";"0";"0";"0";"0";"0";"2";"0";"2";"0";"2445";"0";"2445";"0";"0";"0";"0";"0";"0";"0";"0";"0";"2";"0";"2";"0";"2445";"0";"2445";"0";"0";"0";"0";"0";"0";""
"2014";" 096018 ";"CERRIONE";"A.V.I. SRL";"VIA PAPA GIOVANNI XXIII";"93";"0";"0";"0";"0";"0";"0";"0";"0";"1";"1";"0";"2";"750";"374";"0";"1124";"0";"0";"0";"0";"0";"0";"0";"0";"1";"1";"0";"2";"750";"374";"0";"1124";"0";"0";"0";"0";"0";"0";""
"2014";" 005117 ";"VILLAFRANCA D'ASTI";"M. BUSINESS SRL - MERCATONE UNO";"STRADA STATALE 10 - LOCALITA' LA FORNACE";"";"0";"2";"0";"2";"0";"140";"0";"140";"0";"1";"0";"1";"0";"925";"0";"925";"0";"2";"0";"2";"0";"4880";"0";"4880";"0";"5";"0";"5";"0";"5945";"0";"5945";"1";"0";"0";"0";"0";"0";""
"2014";" 103008 ";"BAVENO";"LAGO MAGGIORE CENTER";"KM 87 STRADA STATALE 33";"";"0";"4";"1";"5";"0";"208";"58";"266";"0";"2";"2";"4";"0";"524";"1341";"1865";"0";"0";"0";"0";"0";"0";"0";"0";"0";"6";"3";"9";"0";"732";"1399";"2131";"1";"1";"0";"0";"0";"0";""
"2014";" 005076 ";"MONTEGROSSO D'ASTI";"ALFI S.R.L.";"VIA ASTI-MARE";"12";"0";"0";"0";"0";"0";"0";"0";"0";"0";"1";"1";"2";"0";"362";"1137";"1499";"0";"0";"0";"0";"0";"0";"0";"0";"0";"1";"1";"2";"0";"362";"1137";"1499";"0";"0";"0";"0";"0";"0";""
"2014";" 006180 ";"VIGNOLE BORBERA";"BUCA DI BACCO";"VIA ROMA";"46";"0";"0";"4";"4";"0";"0";"232";"232";"0";"0";"1";"1";"0";"0";"301";"301";"0";"0";"0";"0";"0";"0";"0";"0";"0";"0";"5";"5";"0";"0";"533";"533";"0";"0";"0";"0";"0";"0";""
"2014";" 103050 ";"OMEGNA";"OMEGNA CENTRO";"PIAZZA NOBILI DE TOMA";"13";"2";"10";"0";"12";"141";"821";"0";"962";"0";"3";"1";"4";"0";"3530";"1499";"5029";"0";"0";"0";"0";"0";"0";"0";"0";"2";"13";"1";"16";"141";"4351";"1499";"5991";"2";"0";"0";"0";"0";"0";""
"2014";" 006121 ";"OVADA";"COOP LIGURIA S.C.A.R.L.";"VIA GRAMSCI";"24";"0";"1";"0";"1";"0";"31";"0";"31";"0";"0";"1";"1";"0";"0";"1459";"1459";"0";"0";"0";"0";"0";"0";"0";"0";"0";"1";"1";"2";"0";"31";"1459";"1490";"0";"0";"0";"0";"0";"0";""
"2014";" 103072 ";"VERBANIA";"BILLA AG SUPERMERCATO UNI";"CORSO MAMELI";"32";"0";"0";"0";"0";"0";"0";"0";"0";"0";"1";"1";"2";"0";"616";"1367";"1983";"0";"0";"0";"0";"0";"0";"0";"0";"0";"1";"1";"2";"0";"616";"1367";"1983";"0";"0";"0";"0";"0";"0";""
"2014";" 006003 ";"ALESSANDRIA";"SELFITALIA SRL";"VIA GIORDANO BRUNO";"69/B";"0";"0";"0";"0";"0";"0";"0";"0";"0";"1";"0";"1";"0";"337";"0";"337";"0";"1";"0";"1";"0";"4500";"0";"4500";"0";"2";"0";"2";"0";"4837";"0";"4837";"0";"0";"0";"0";"0";"0";""
"2014";" 096051 ";"QUAREGNA";"IM.COM.";"VIA MARTIRI DELLA LIBERTA'";"03-mag";"0";"0";"0";"0";"0";"0";"0";"0";"0";"3";"0";"3";"0";"2237";"0";"2237";"0";"0";"0";"0";"0";"0";"0";"0";"0";"3";"0";"3";"0";"2237";"0";"2237";"0";"1";"0";"0";"0";"0";""
"2014";" 096004 ";"BIELLA";"ESSELUNGA SPA";"VIA LAMARMORA";"5/A";"0";"10";"0";"10";"0";"842";"0";"842";"0";"0";"0";"0";"0";"0";"0";"0";"0";"0";"1";"1";"0";"0";"3600";"3600";"0";"10";"1";"11";"0";"842";"3600";"4442";"1";"2";"1";"1";"0";"0";""
"2014";" 096004 ";"BIELLA";"CENTRO COMMERCIALE GLI ORSI BLOCCO C";"VIALE DOMENICO MODUGNO";"3";"0";"0";"0";"0";"0";"0";"0";"0";"0";"2";"0";"2";"0";"2500";"0";"2500";"0";"0";"0";"0";"0";"0";"0";"0";"0";"2";"0";"2";"0";"2500";"0";"2500";"0";"0";"0";"0";"0";"0";""
"2014";" 103072 ";"VERBANIA";"ESSELUNGA";"VIALE AZARI";"94";"0";"0";"1";"1";"0";"0";"225";"225";"0";"0";"0";"0";"0";"0";"0";"0";"0";"0";"1";"1";"0";"0";"4114";"4114";"0";"0";"2";"2";"0";"0";"4339";"4339";"1";"0";"0";"0";"1";"0";""
"2014";" 103028 ";"DOMODOSSOLA";"CENTRO COMMERCIALE SEMPIONE IPERSTORE";"REGIONE NOSERE";"32/33";"0";"12";"1";"13";"0";"818";"35";"853";"0";"2";"0";"2";"0";"806";"0";"806";"0";"0";"1";"1";"0";"0";"2728";"2728";"0";"14";"2";"16";"0";"1624";"2763";"4387";"1";"1";"1";"1";"0";"0";""
"2014";" 096077 ";"VIGLIANO BIELLESE";"CENTRO COMMERCIALE VIGLIANO";"VIA DELLA TOLLEGNA";"S.N.";"0";"12";"0";"12";"0";"1270";"0";"1270";"0";"7";"0";"7";"0";"2433";"0";"2433";"0";"0";"1";"1";"0";"0";"6325";"6325";"0";"19";"1";"20";"0";"3703";"6325";"10028";"3";"2";"1";"1";"0";"0";""
"2014";" 103028 ";"DOMODOSSOLA";"NUOVI MERCATI S.R.L.";"REGIONE NOSERE";"4/TER";"0";"1";"0";"1";"0";"133";"0";"133";"0";"1";"0";"1";"0";"1800";"0";"1800";"0";"0";"0";"0";"0";"0";"0";"0";"0";"2";"0";"2";"0";"1933";"0";"1933";"0";"0";"0";"0";"0";"0";""
"2014";" 103075 ";"VILLADOSSOLA";"CENTRO COMMERCIALE COOP";"VIA CAMPO SPORTIVO";"1";"0";"0";"0";"0";"0";"0";"0";"0";"0";"0";"0";"0";"0";"0";"0";"0";"0";"0";"1";"1";"0";"0";"1900";"1900";"0";"0";"1";"1";"0";"0";"1900";"1900";"0";"0";"0";"0";"0";"0";""
"2014";" 103035 ";"GRAVELLONA TOCE";"PARCO COMMERCIALE DEI LAGHI";"VIA STAMPA";"";"0";"2";"0";"2";"0";"110";"0";"110";"0";"8";"0";"8";"0";"6406";"0";"6406";"0";"1";"0";"1";"0";"2833";"0";"2833";"0";"11";"0";"11";"0";"9349";"0";"9349";"1";"1";"0";"0";"0";"0";""
"2014";" 103035 ";"GRAVELLONA TOCE";"CENTRO COMMERCIALE ""LE ISOLE""";"CORSO MARCONI";"42-44-46";"0";"38";"0";"38";"0";"2545";"0";"2545";"0";"4";"0";"4";"0";"2194";"0";"2194";"0";"1";"1";"2";"0";"2500";"4500";"7000";"0";"43";"1";"44";"0";"7239";"4500";"11739";"4";"4";"1";"1";"0";"0";""
